DATAFLOW,LAST UPDATE,freq,unit,co_nco,sector,finpos,na_item,geo,TIME_PERIOD,OBS_VALUE,OBS_FLAG,CONF_STATUS
ESTAT:TIPSPD22(1.0),10/09/26 11:00:00,Annual,Percentage of gross domestic product (GDP),Consolidated,Households; non-profit institutions serving households,Liabilities,"Securities other than shares, loans",Austria,1995,42.2,,
ESTAT:TIPSPD22(1.0),10/09/26 11:00:00,Annual,Percentage of gross domestic product (GDP),Consolidated,Households; non-profit institutions serving households,Liabilities,"Securities other than shares, loans",Austria,1996,43.1,,
ESTAT:TIPSPD22(1.0),10/09/26 11:00:00,Annual,Percentage of gross domestic product (GDP),Consolidated,Households; non-profit institutions serving households,Liabilities,"Securities other than shares, loans",Austria,1997,43.2,,
ESTAT:TIPSPD22(1.0),10/09/26 11:00:00,Annual,Percentage of gross domestic product (GDP),Consolidated,Households; non-profit institutions serving households,Liabilities,"Securities other than shares, loans",Austria,1998,42.5,,
ESTAT:TIPSPD22(1.0),10/09/26 11:00:00,Annual,Percentage of gross domestic product (GDP),Consolidated,Households; non-profit institutions serving households,Liabilities,"Securities other than shares, loans",Austria,1999,44.5,,
ESTAT:TIPSPD22(1.0),10/09/26 11:00:00,Annual,Percentage of gross domestic product (GDP),Consolidated,Households; non-profit institutions serving households,Liabilities,"Securities other than shares, loans",Austria,2000,45.2,,
ESTAT:TIPSPD22(1.0),10/09/26 11:00:00,Annual,Percentage of gross domestic product (GDP),Consolidated,Households; non-profit institutions serving households,Liabilities,"Securities other than shares, loans",Austria,2001,45.5,,
ESTAT:TIPSPD22(1.0),10/09/26 11:00:00,Annual,Percentage of gross domestic product (GDP),Consolidated,Households; non-profit institutions serving households,Liabilities,"Securities other than shares, loans",Austria,2002,46.4,,
ESTAT:TIPSPD22(1.0),10/09/26 11:00:00,Annual,Percentage of gross domestic product (GDP),Consolidated,Households; non-profit institutions serving households,Liabilities,"Securities other than shares, loans",Austria,2003,46.9,,
ESTAT:TIPSPD22(1.0),10/09/26 11:00:00,Annual,Percentage of gross domestic product (GDP),Consolidated,Households; non-profit institutions serving households,Liabilities,"Securities other than shares, loans",Austria,2004,47.9,,
ESTAT:TIPSPD22(1.0),10/09/26 11:00:00,Annual,Percentage of gross domestic product (GDP),Consolidated,Households; non-profit institutions serving households,Liabilities,"Securities other than shares, loans",Austria,2005,52.2,,
ESTAT:TIPSPD22(1.0),10/09/26 11:00:00,Annual,Percentage of gross domestic product (GDP),Consolidated,Households; non-profit institutions serving households,Liabilities,"Securities other than shares, loans",Austria,2006,52.7,,
ESTAT:TIPSPD22(1.0),10/09/26 11:00:00,Annual,Percentage of gross domestic product (GDP),Consolidated,Households; non-profit institutions serving households,Liabilities,"Securities other than shares, loans",Austria,2007,51.9,,
ESTAT:TIPSPD22(1.0),10/09/26 11:00:00,Annual,Percentage of gross domestic product (GDP),Consolidated,Households; non-profit institutions serving households,Liabilities,"Securities other than shares, loans",Austria,2008,52.4,,
ESTAT:TIPSPD22(1.0),10/09/26 11:00:00,Annual,Percentage of gross domestic product (GDP),Consolidated,Households; non-profit institutions serving households,Liabilities,"Securities other than shares, loans",Austria,2009,53.7,,
ESTAT:TIPSPD22(1.0),10/09/26 11:00:00,Annual,Percentage of gross domestic product (GDP),Consolidated,Households; non-profit institutions serving households,Liabilities,"Securities other than shares, loans",Austria,2010,54.8,,
ESTAT:TIPSPD22(1.0),10/09/26 11:00:00,Annual,Percentage of gross domestic product (GDP),Consolidated,Households; non-profit institutions serving households,Liabilities,"Securities other than shares, loans",Austria,2011,53.4,,
ESTAT:TIPSPD22(1.0),10/09/26 11:00:00,Annual,Percentage of gross domestic product (GDP),Consolidated,Households; non-profit institutions serving households,Liabilities,"Securities other than shares, loans",Austria,2012,52.2,,
ESTAT:TIPSPD22(1.0),10/09/26 11:00:00,Annual,Percentage of gross domestic product (GDP),Consolidated,Households; non-profit institutions serving households,Liabilities,"Securities other than shares, loans",Austria,2013,51.7,,
ESTAT:TIPSPD22(1.0),10/09/26 11:00:00,Annual,Percentage of gross domestic product (GDP),Consolidated,Households; non-profit institutions serving households,Liabilities,"Securities other than shares, loans",Austria,2014,51.6,,
ESTAT:TIPSPD22(1.0),10/09/26 11:00:00,Annual,Percentage of gross domestic product (GDP),Consolidated,Households; non-profit institutions serving households,Liabilities,"Securities other than shares, loans",Austria,2015,51.3,,
ESTAT:TIPSPD22(1.0),10/09/26 11:00:00,Annual,Percentage of gross domestic product (GDP),Consolidated,Households; non-profit institutions serving households,Liabilities,"Securities other than shares, loans",Austria,2016,51.0,,
ESTAT:TIPSPD22(1.0),10/09/26 11:00:00,Annual,Percentage of gross domestic product (GDP),Consolidated,Households; non-profit institutions serving households,Liabilities,"Securities other than shares, loans",Austria,2017,50.2,,
ESTAT:TIPSPD22(1.0),10/09/26 11:00:00,Annual,Percentage of gross domestic product (GDP),Consolidated,Households; non-profit institutions serving households,Liabilities,"Securities other than shares, loans",Austria,2018,49.5,,
ESTAT:TIPSPD22(1.0),10/09/26 11:00:00,Annual,Percentage of gross domestic product (GDP),Consolidated,Households; non-profit institutions serving households,Liabilities,"Securities other than shares, loans",Austria,2019,49.4,,
ESTAT:TIPSPD22(1.0),10/09/26 11:00:00,Annual,Percentage of gross domestic product (GDP),Consolidated,Households; non-profit institutions serving households,Liabilities,"Securities other than shares, loans",Austria,2020,52.8,,
ESTAT:TIPSPD22(1.0),10/09/26 11:00:00,Annual,Percentage of gross domestic product (GDP),Consolidated,Households; non-profit institutions serving households,Liabilities,"Securities other than shares, loans",Austria,2021,51.7,,
ESTAT:TIPSPD22(1.0),10/09/26 11:00:00,Annual,Percentage of gross domestic product (GDP),Consolidated,Households; non-profit institutions serving households,Liabilities,"Securities other than shares, loans",Austria,2022,48.2,,
ESTAT:TIPSPD22(1.0),10/09/26 11:00:00,Annual,Percentage of gross domestic product (GDP),Consolidated,Households; non-profit institutions serving households,Liabilities,"Securities other than shares, loans",Austria,2023,44.6,,
ESTAT:TIPSPD22(1.0),10/09/26 11:00:00,Annual,Percentage of gross domestic product (GDP),Consolidated,Households; non-profit institutions serving households,Liabilities,"Securities other than shares, loans",Austria,2024,42.9,,
ESTAT:TIPSPD22(1.0),10/09/26 11:00:00,Annual,Percentage of gross domestic product (GDP),Consolidated,Households; non-profit institutions serving households,Liabilities,"Securities other than shares, loans",Austria,2025,41.5,,
ESTAT:TIPSPD22(1.0),10/09/26 11:00:00,Annual,Percentage of gross domestic product (GDP),Consolidated,Households; non-profit institutions serving households,Liabilities,"Securities other than shares, loans",Belgium,1995,37.8,,
ESTAT:TIPSPD22(1.0),10/09/26 11:00:00,Annual,Percentage of gross domestic product (GDP),Consolidated,Households; non-profit institutions serving households,Liabilities,"Securities other than shares, loans",Belgium,1996,39.4,,
ESTAT:TIPSPD22(1.0),10/09/26 11:00:00,Annual,Percentage of gross domestic product (GDP),Consolidated,Households; non-profit institutions serving households,Liabilities,"Securities other than shares, loans",Belgium,1997,40.3,,
ESTAT:TIPSPD22(1.0),10/09/26 11:00:00,Annual,Percentage of gross domestic product (GDP),Consolidated,Households; non-profit institutions serving households,Liabilities,"Securities other than shares, loans",Belgium,1998,41.7,,
ESTAT:TIPSPD22(1.0),10/09/26 11:00:00,Annual,Percentage of gross domestic product (GDP),Consolidated,Households; non-profit institutions serving households,Liabilities,"Securities other than shares, loans",Belgium,1999,42.1,,
ESTAT:TIPSPD22(1.0),10/09/26 11:00:00,Annual,Percentage of gross domestic product (GDP),Consolidated,Households; non-profit institutions serving households,Liabilities,"Securities other than shares, loans",Belgium,2000,40.8,,
ESTAT:TIPSPD22(1.0),10/09/26 11:00:00,Annual,Percentage of gross domestic product (GDP),Consolidated,Households; non-profit institutions serving households,Liabilities,"Securities other than shares, loans",Belgium,2001,39.1,,
ESTAT:TIPSPD22(1.0),10/09/26 11:00:00,Annual,Percentage of gross domestic product (GDP),Consolidated,Households; non-profit institutions serving households,Liabilities,"Securities other than shares, loans",Belgium,2002,39.4,,
ESTAT:TIPSPD22(1.0),10/09/26 11:00:00,Annual,Percentage of gross domestic product (GDP),Consolidated,Households; non-profit institutions serving households,Liabilities,"Securities other than shares, loans",Belgium,2003,39.5,,
ESTAT:TIPSPD22(1.0),10/09/26 11:00:00,Annual,Percentage of gross domestic product (GDP),Consolidated,Households; non-profit institutions serving households,Liabilities,"Securities other than shares, loans",Belgium,2004,40.5,,
ESTAT:TIPSPD22(1.0),10/09/26 11:00:00,Annual,Percentage of gross domestic product (GDP),Consolidated,Households; non-profit institutions serving households,Liabilities,"Securities other than shares, loans",Belgium,2005,43.3,,
ESTAT:TIPSPD22(1.0),10/09/26 11:00:00,Annual,Percentage of gross domestic product (GDP),Consolidated,Households; non-profit institutions serving households,Liabilities,"Securities other than shares, loans",Belgium,2006,45.5,,
ESTAT:TIPSPD22(1.0),10/09/26 11:00:00,Annual,Percentage of gross domestic product (GDP),Consolidated,Households; non-profit institutions serving households,Liabilities,"Securities other than shares, loans",Belgium,2007,47.1,,
ESTAT:TIPSPD22(1.0),10/09/26 11:00:00,Annual,Percentage of gross domestic product (GDP),Consolidated,Households; non-profit institutions serving households,Liabilities,"Securities other than shares, loans",Belgium,2008,49.9,,
ESTAT:TIPSPD22(1.0),10/09/26 11:00:00,Annual,Percentage of gross domestic product (GDP),Consolidated,Households; non-profit institutions serving households,Liabilities,"Securities other than shares, loans",Belgium,2009,52.1,b,
ESTAT:TIPSPD22(1.0),10/09/26 11:00:00,Annual,Percentage of gross domestic product (GDP),Consolidated,Households; non-profit institutions serving households,Liabilities,"Securities other than shares, loans",Belgium,2010,53.0,,
ESTAT:TIPSPD22(1.0),10/09/26 11:00:00,Annual,Percentage of gross domestic product (GDP),Consolidated,Households; non-profit institutions serving households,Liabilities,"Securities other than shares, loans",Belgium,2011,54.4,,
ESTAT:TIPSPD22(1.0),10/09/26 11:00:00,Annual,Percentage of gross domestic product (GDP),Consolidated,Households; non-profit institutions serving households,Liabilities,"Securities other than shares, loans",Belgium,2012,54.8,,
ESTAT:TIPSPD22(1.0),10/09/26 11:00:00,Annual,Percentage of gross domestic product (GDP),Consolidated,Households; non-profit institutions serving households,Liabilities,"Securities other than shares, loans",Belgium,2013,55.5,,
ESTAT:TIPSPD22(1.0),10/09/26 11:00:00,Annual,Percentage of gross domestic product (GDP),Consolidated,Households; non-profit institutions serving households,Liabilities,"Securities other than shares, loans",Belgium,2014,57.2,,
ESTAT:TIPSPD22(1.0),10/09/26 11:00:00,Annual,Percentage of gross domestic product (GDP),Consolidated,Households; non-profit institutions serving households,Liabilities,"Securities other than shares, loans",Belgium,2015,58.1,,
ESTAT:TIPSPD22(1.0),10/09/26 11:00:00,Annual,Percentage of gross domestic product (GDP),Consolidated,Households; non-profit institutions serving households,Liabilities,"Securities other than shares, loans",Belgium,2016,58.5,,
ESTAT:TIPSPD22(1.0),10/09/26 11:00:00,Annual,Percentage of gross domestic product (GDP),Consolidated,Households; non-profit institutions serving households,Liabilities,"Securities other than shares, loans",Belgium,2017,59.1,,
ESTAT:TIPSPD22(1.0),10/09/26 11:00:00,Annual,Percentage of gross domestic product (GDP),Consolidated,Households; non-profit institutions serving households,Liabilities,"Securities other than shares, loans",Belgium,2018,59.2,,
ESTAT:TIPSPD22(1.0),10/09/26 11:00:00,Annual,Percentage of gross domestic product (GDP),Consolidated,Households; non-profit institutions serving households,Liabilities,"Securities other than shares, loans",Belgium,2019,60.4,,
ESTAT:TIPSPD22(1.0),10/09/26 11:00:00,Annual,Percentage of gross domestic product (GDP),Consolidated,Households; non-profit institutions serving households,Liabilities,"Securities other than shares, loans",Belgium,2020,64.9,,
ESTAT:TIPSPD22(1.0),10/09/26 11:00:00,Annual,Percentage of gross domestic product (GDP),Consolidated,Households; non-profit institutions serving households,Liabilities,"Securities other than shares, loans",Belgium,2021,62.6,,
ESTAT:TIPSPD22(1.0),10/09/26 11:00:00,Annual,Percentage of gross domestic product (GDP),Consolidated,Households; non-profit institutions serving households,Liabilities,"Securities other than shares, loans",Belgium,2022,59.3,,
ESTAT:TIPSPD22(1.0),10/09/26 11:00:00,Annual,Percentage of gross domestic product (GDP),Consolidated,Households; non-profit institutions serving households,Liabilities,"Securities other than shares, loans",Belgium,2023,56.6,,
ESTAT:TIPSPD22(1.0),10/09/26 11:00:00,Annual,Percentage of gross domestic product (GDP),Consolidated,Households; non-profit institutions serving households,Liabilities,"Securities other than shares, loans",Belgium,2024,56.3,p,
ESTAT:TIPSPD22(1.0),10/09/26 11:00:00,Annual,Percentage of gross domestic product (GDP),Consolidated,Households; non-profit institutions serving households,Liabilities,"Securities other than shares, loans",Belgium,2025,56.4,p,
ESTAT:TIPSPD22(1.0),10/09/26 11:00:00,Annual,Percentage of gross domestic product (GDP),Consolidated,Households; non-profit institutions serving households,Liabilities,"Securities other than shares, loans",Bulgaria,1995,0.4,,
ESTAT:TIPSPD22(1.0),10/09/26 11:00:00,Annual,Percentage of gross domestic product (GDP),Consolidated,Households; non-profit institutions serving households,Liabilities,"Securities other than shares, loans",Bulgaria,1996,0.2,,
ESTAT:TIPSPD22(1.0),10/09/26 11:00:00,Annual,Percentage of gross domestic product (GDP),Consolidated,Households; non-profit institutions serving households,Liabilities,"Securities other than shares, loans",Bulgaria,1997,0.9,,
ESTAT:TIPSPD22(1.0),10/09/26 11:00:00,Annual,Percentage of gross domestic product (GDP),Consolidated,Households; non-profit institutions serving households,Liabilities,"Securities other than shares, loans",Bulgaria,1998,1.8,,
ESTAT:TIPSPD22(1.0),10/09/26 11:00:00,Annual,Percentage of gross domestic product (GDP),Consolidated,Households; non-profit institutions serving households,Liabilities,"Securities other than shares, loans",Bulgaria,1999,2.1,,
ESTAT:TIPSPD22(1.0),10/09/26 11:00:00,Annual,Percentage of gross domestic product (GDP),Consolidated,Households; non-profit institutions serving households,Liabilities,"Securities other than shares, loans",Bulgaria,2000,2.4,,
ESTAT:TIPSPD22(1.0),10/09/26 11:00:00,Annual,Percentage of gross domestic product (GDP),Consolidated,Households; non-profit institutions serving households,Liabilities,"Securities other than shares, loans",Bulgaria,2001,3.3,,
ESTAT:TIPSPD22(1.0),10/09/26 11:00:00,Annual,Percentage of gross domestic product (GDP),Consolidated,Households; non-profit institutions serving households,Liabilities,"Securities other than shares, loans",Bulgaria,2002,4.5,,
ESTAT:TIPSPD22(1.0),10/09/26 11:00:00,Annual,Percentage of gross domestic product (GDP),Consolidated,Households; non-profit institutions serving households,Liabilities,"Securities other than shares, loans",Bulgaria,2003,7.4,,
ESTAT:TIPSPD22(1.0),10/09/26 11:00:00,Annual,Percentage of gross domestic product (GDP),Consolidated,Households; non-profit institutions serving households,Liabilities,"Securities other than shares, loans",Bulgaria,2004,11.4,,
ESTAT:TIPSPD22(1.0),10/09/26 11:00:00,Annual,Percentage of gross domestic product (GDP),Consolidated,Households; non-profit institutions serving households,Liabilities,"Securities other than shares, loans",Bulgaria,2005,15.9,,
ESTAT:TIPSPD22(1.0),10/09/26 11:00:00,Annual,Percentage of gross domestic product (GDP),Consolidated,Households; non-profit institutions serving households,Liabilities,"Securities other than shares, loans",Bulgaria,2006,19.2,,
ESTAT:TIPSPD22(1.0),10/09/26 11:00:00,Annual,Percentage of gross domestic product (GDP),Consolidated,Households; non-profit institutions serving households,Liabilities,"Securities other than shares, loans",Bulgaria,2007,25.5,,
ESTAT:TIPSPD22(1.0),10/09/26 11:00:00,Annual,Percentage of gross domestic product (GDP),Consolidated,Households; non-profit institutions serving households,Liabilities,"Securities other than shares, loans",Bulgaria,2008,29.7,,
ESTAT:TIPSPD22(1.0),10/09/26 11:00:00,Annual,Percentage of gross domestic product (GDP),Consolidated,Households; non-profit institutions serving households,Liabilities,"Securities other than shares, loans",Bulgaria,2009,29.5,,
ESTAT:TIPSPD22(1.0),10/09/26 11:00:00,Annual,Percentage of gross domestic product (GDP),Consolidated,Households; non-profit institutions serving households,Liabilities,"Securities other than shares, loans",Bulgaria,2010,28.6,,
ESTAT:TIPSPD22(1.0),10/09/26 11:00:00,Annual,Percentage of gross domestic product (GDP),Consolidated,Households; non-profit institutions serving households,Liabilities,"Securities other than shares, loans",Bulgaria,2011,26.4,,
ESTAT:TIPSPD22(1.0),10/09/26 11:00:00,Annual,Percentage of gross domestic product (GDP),Consolidated,Households; non-profit institutions serving households,Liabilities,"Securities other than shares, loans",Bulgaria,2012,25.4,,
ESTAT:TIPSPD22(1.0),10/09/26 11:00:00,Annual,Percentage of gross domestic product (GDP),Consolidated,Households; non-profit institutions serving households,Liabilities,"Securities other than shares, loans",Bulgaria,2013,25.5,,
ESTAT:TIPSPD22(1.0),10/09/26 11:00:00,Annual,Percentage of gross domestic product (GDP),Consolidated,Households; non-profit institutions serving households,Liabilities,"Securities other than shares, loans",Bulgaria,2014,25.1,,
ESTAT:TIPSPD22(1.0),10/09/26 11:00:00,Annual,Percentage of gross domestic product (GDP),Consolidated,Households; non-profit institutions serving households,Liabilities,"Securities other than shares, loans",Bulgaria,2015,23.2,,
ESTAT:TIPSPD22(1.0),10/09/26 11:00:00,Annual,Percentage of gross domestic product (GDP),Consolidated,Households; non-profit institutions serving households,Liabilities,"Securities other than shares, loans",Bulgaria,2016,22.6,,
ESTAT:TIPSPD22(1.0),10/09/26 11:00:00,Annual,Percentage of gross domestic product (GDP),Consolidated,Households; non-profit institutions serving households,Liabilities,"Securities other than shares, loans",Bulgaria,2017,22.6,,
ESTAT:TIPSPD22(1.0),10/09/26 11:00:00,Annual,Percentage of gross domestic product (GDP),Consolidated,Households; non-profit institutions serving households,Liabilities,"Securities other than shares, loans",Bulgaria,2018,23.0,,
ESTAT:TIPSPD22(1.0),10/09/26 11:00:00,Annual,Percentage of gross domestic product (GDP),Consolidated,Households; non-profit institutions serving households,Liabilities,"Securities other than shares, loans",Bulgaria,2019,23.1,,
ESTAT:TIPSPD22(1.0),10/09/26 11:00:00,Annual,Percentage of gross domestic product (GDP),Consolidated,Households; non-profit institutions serving households,Liabilities,"Securities other than shares, loans",Bulgaria,2020,24.2,,
ESTAT:TIPSPD22(1.0),10/09/26 11:00:00,Annual,Percentage of gross domestic product (GDP),Consolidated,Households; non-profit institutions serving households,Liabilities,"Securities other than shares, loans",Bulgaria,2021,23.7,,
ESTAT:TIPSPD22(1.0),10/09/26 11:00:00,Annual,Percentage of gross domestic product (GDP),Consolidated,Households; non-profit institutions serving households,Liabilities,"Securities other than shares, loans",Bulgaria,2022,22.4,,
ESTAT:TIPSPD22(1.0),10/09/26 11:00:00,Annual,Percentage of gross domestic product (GDP),Consolidated,Households; non-profit institutions serving households,Liabilities,"Securities other than shares, loans",Bulgaria,2023,23.6,,
ESTAT:TIPSPD22(1.0),10/09/26 11:00:00,Annual,Percentage of gross domestic product (GDP),Consolidated,Households; non-profit institutions serving households,Liabilities,"Securities other than shares, loans",Bulgaria,2024,25.6,,
ESTAT:TIPSPD22(1.0),10/09/26 11:00:00,Annual,Percentage of gross domestic product (GDP),Consolidated,Households; non-profit institutions serving households,Liabilities,"Securities other than shares, loans",Bulgaria,2025,28.0,p,
ESTAT:TIPSPD22(1.0),10/09/26 11:00:00,Annual,Percentage of gross domestic product (GDP),Consolidated,Households; non-profit institutions serving households,Liabilities,"Securities other than shares, loans",Cyprus,1995,62.9,,
ESTAT:TIPSPD22(1.0),10/09/26 11:00:00,Annual,Percentage of gross domestic product (GDP),Consolidated,Households; non-profit institutions serving households,Liabilities,"Securities other than shares, loans",Cyprus,1996,66.0,,
ESTAT:TIPSPD22(1.0),10/09/26 11:00:00,Annual,Percentage of gross domestic product (GDP),Consolidated,Households; non-profit institutions serving households,Liabilities,"Securities other than shares, loans",Cyprus,1997,69.0,,
ESTAT:TIPSPD22(1.0),10/09/26 11:00:00,Annual,Percentage of gross domestic product (GDP),Consolidated,Households; non-profit institutions serving households,Liabilities,"Securities other than shares, loans",Cyprus,1998,70.2,,
ESTAT:TIPSPD22(1.0),10/09/26 11:00:00,Annual,Percentage of gross domestic product (GDP),Consolidated,Households; non-profit institutions serving households,Liabilities,"Securities other than shares, loans",Cyprus,1999,77.0,,
ESTAT:TIPSPD22(1.0),10/09/26 11:00:00,Annual,Percentage of gross domestic product (GDP),Consolidated,Households; non-profit institutions serving households,Liabilities,"Securities other than shares, loans",Cyprus,2000,77.7,,
ESTAT:TIPSPD22(1.0),10/09/26 11:00:00,Annual,Percentage of gross domestic product (GDP),Consolidated,Households; non-profit institutions serving households,Liabilities,"Securities other than shares, loans",Cyprus,2001,75.0,,
ESTAT:TIPSPD22(1.0),10/09/26 11:00:00,Annual,Percentage of gross domestic product (GDP),Consolidated,Households; non-profit institutions serving households,Liabilities,"Securities other than shares, loans",Cyprus,2002,74.1,,
ESTAT:TIPSPD22(1.0),10/09/26 11:00:00,Annual,Percentage of gross domestic product (GDP),Consolidated,Households; non-profit institutions serving households,Liabilities,"Securities other than shares, loans",Cyprus,2003,69.2,,
ESTAT:TIPSPD22(1.0),10/09/26 11:00:00,Annual,Percentage of gross domestic product (GDP),Consolidated,Households; non-profit institutions serving households,Liabilities,"Securities other than shares, loans",Cyprus,2004,73.3,,
ESTAT:TIPSPD22(1.0),10/09/26 11:00:00,Annual,Percentage of gross domestic product (GDP),Consolidated,Households; non-profit institutions serving households,Liabilities,"Securities other than shares, loans",Cyprus,2005,90.6,,
ESTAT:TIPSPD22(1.0),10/09/26 11:00:00,Annual,Percentage of gross domestic product (GDP),Consolidated,Households; non-profit institutions serving households,Liabilities,"Securities other than shares, loans",Cyprus,2006,91.9,,
ESTAT:TIPSPD22(1.0),10/09/26 11:00:00,Annual,Percentage of gross domestic product (GDP),Consolidated,Households; non-profit institutions serving households,Liabilities,"Securities other than shares, loans",Cyprus,2007,98.2,,
ESTAT:TIPSPD22(1.0),10/09/26 11:00:00,Annual,Percentage of gross domestic product (GDP),Consolidated,Households; non-profit institutions serving households,Liabilities,"Securities other than shares, loans",Cyprus,2008,104.0,,
ESTAT:TIPSPD22(1.0),10/09/26 11:00:00,Annual,Percentage of gross domestic product (GDP),Consolidated,Households; non-profit institutions serving households,Liabilities,"Securities other than shares, loans",Cyprus,2009,113.5,,
ESTAT:TIPSPD22(1.0),10/09/26 11:00:00,Annual,Percentage of gross domestic product (GDP),Consolidated,Households; non-profit institutions serving households,Liabilities,"Securities other than shares, loans",Cyprus,2010,118.0,,
ESTAT:TIPSPD22(1.0),10/09/26 11:00:00,Annual,Percentage of gross domestic product (GDP),Consolidated,Households; non-profit institutions serving households,Liabilities,"Securities other than shares, loans",Cyprus,2011,121.5,,
ESTAT:TIPSPD22(1.0),10/09/26 11:00:00,Annual,Percentage of gross domestic product (GDP),Consolidated,Households; non-profit institutions serving households,Liabilities,"Securities other than shares, loans",Cyprus,2012,127.5,,
ESTAT:TIPSPD22(1.0),10/09/26 11:00:00,Annual,Percentage of gross domestic product (GDP),Consolidated,Households; non-profit institutions serving households,Liabilities,"Securities other than shares, loans",Cyprus,2013,130.3,,
ESTAT:TIPSPD22(1.0),10/09/26 11:00:00,Annual,Percentage of gross domestic product (GDP),Consolidated,Households; non-profit institutions serving households,Liabilities,"Securities other than shares, loans",Cyprus,2014,132.6,,
ESTAT:TIPSPD22(1.0),10/09/26 11:00:00,Annual,Percentage of gross domestic product (GDP),Consolidated,Households; non-profit institutions serving households,Liabilities,"Securities other than shares, loans",Cyprus,2015,128.1,,
ESTAT:TIPSPD22(1.0),10/09/26 11:00:00,Annual,Percentage of gross domestic product (GDP),Consolidated,Households; non-profit institutions serving households,Liabilities,"Securities other than shares, loans",Cyprus,2016,117.8,,
ESTAT:TIPSPD22(1.0),10/09/26 11:00:00,Annual,Percentage of gross domestic product (GDP),Consolidated,Households; non-profit institutions serving households,Liabilities,"Securities other than shares, loans",Cyprus,2017,106.1,,
ESTAT:TIPSPD22(1.0),10/09/26 11:00:00,Annual,Percentage of gross domestic product (GDP),Consolidated,Households; non-profit institutions serving households,Liabilities,"Securities other than shares, loans",Cyprus,2018,96.6,,
ESTAT:TIPSPD22(1.0),10/09/26 11:00:00,Annual,Percentage of gross domestic product (GDP),Consolidated,Households; non-profit institutions serving households,Liabilities,"Securities other than shares, loans",Cyprus,2019,86.6,,
ESTAT:TIPSPD22(1.0),10/09/26 11:00:00,Annual,Percentage of gross domestic product (GDP),Consolidated,Households; non-profit institutions serving households,Liabilities,"Securities other than shares, loans",Cyprus,2020,89.1,,
ESTAT:TIPSPD22(1.0),10/09/26 11:00:00,Annual,Percentage of gross domestic product (GDP),Consolidated,Households; non-profit institutions serving households,Liabilities,"Securities other than shares, loans",Cyprus,2021,79.8,,
ESTAT:TIPSPD22(1.0),10/09/26 11:00:00,Annual,Percentage of gross domestic product (GDP),Consolidated,Households; non-profit institutions serving households,Liabilities,"Securities other than shares, loans",Cyprus,2022,69.0,,
ESTAT:TIPSPD22(1.0),10/09/26 11:00:00,Annual,Percentage of gross domestic product (GDP),Consolidated,Households; non-profit institutions serving households,Liabilities,"Securities other than shares, loans",Cyprus,2023,62.3,,
ESTAT:TIPSPD22(1.0),10/09/26 11:00:00,Annual,Percentage of gross domestic product (GDP),Consolidated,Households; non-profit institutions serving households,Liabilities,"Securities other than shares, loans",Cyprus,2024,57.4,p,
ESTAT:TIPSPD22(1.0),10/09/26 11:00:00,Annual,Percentage of gross domestic product (GDP),Consolidated,Households; non-profit institutions serving households,Liabilities,"Securities other than shares, loans",Cyprus,2025,54.2,p,
ESTAT:TIPSPD22(1.0),10/09/26 11:00:00,Annual,Percentage of gross domestic product (GDP),Consolidated,Households; non-profit institutions serving households,Liabilities,"Securities other than shares, loans",Czechia,1995,10.0,,
ESTAT:TIPSPD22(1.0),10/09/26 11:00:00,Annual,Percentage of gross domestic product (GDP),Consolidated,Households; non-profit institutions serving households,Liabilities,"Securities other than shares, loans",Czechia,1996,7.7,,
ESTAT:TIPSPD22(1.0),10/09/26 11:00:00,Annual,Percentage of gross domestic product (GDP),Consolidated,Households; non-profit institutions serving households,Liabilities,"Securities other than shares, loans",Czechia,1997,7.7,,
ESTAT:TIPSPD22(1.0),10/09/26 11:00:00,Annual,Percentage of gross domestic product (GDP),Consolidated,Households; non-profit institutions serving households,Liabilities,"Securities other than shares, loans",Czechia,1998,6.9,,
ESTAT:TIPSPD22(1.0),10/09/26 11:00:00,Annual,Percentage of gross domestic product (GDP),Consolidated,Households; non-profit institutions serving households,Liabilities,"Securities other than shares, loans",Czechia,1999,7.3,,
ESTAT:TIPSPD22(1.0),10/09/26 11:00:00,Annual,Percentage of gross domestic product (GDP),Consolidated,Households; non-profit institutions serving households,Liabilities,"Securities other than shares, loans",Czechia,2000,7.7,,
ESTAT:TIPSPD22(1.0),10/09/26 11:00:00,Annual,Percentage of gross domestic product (GDP),Consolidated,Households; non-profit institutions serving households,Liabilities,"Securities other than shares, loans",Czechia,2001,8.1,,
ESTAT:TIPSPD22(1.0),10/09/26 11:00:00,Annual,Percentage of gross domestic product (GDP),Consolidated,Households; non-profit institutions serving households,Liabilities,"Securities other than shares, loans",Czechia,2002,10.7,,
ESTAT:TIPSPD22(1.0),10/09/26 11:00:00,Annual,Percentage of gross domestic product (GDP),Consolidated,Households; non-profit institutions serving households,Liabilities,"Securities other than shares, loans",Czechia,2003,11.4,,
ESTAT:TIPSPD22(1.0),10/09/26 11:00:00,Annual,Percentage of gross domestic product (GDP),Consolidated,Households; non-profit institutions serving households,Liabilities,"Securities other than shares, loans",Czechia,2004,13.8,,
ESTAT:TIPSPD22(1.0),10/09/26 11:00:00,Annual,Percentage of gross domestic product (GDP),Consolidated,Households; non-profit institutions serving households,Liabilities,"Securities other than shares, loans",Czechia,2005,16.4,,
ESTAT:TIPSPD22(1.0),10/09/26 11:00:00,Annual,Percentage of gross domestic product (GDP),Consolidated,Households; non-profit institutions serving households,Liabilities,"Securities other than shares, loans",Czechia,2006,19.0,,
ESTAT:TIPSPD22(1.0),10/09/26 11:00:00,Annual,Percentage of gross domestic product (GDP),Consolidated,Households; non-profit institutions serving households,Liabilities,"Securities other than shares, loans",Czechia,2007,23.1,,
ESTAT:TIPSPD22(1.0),10/09/26 11:00:00,Annual,Percentage of gross domestic product (GDP),Consolidated,Households; non-profit institutions serving households,Liabilities,"Securities other than shares, loans",Czechia,2008,25.7,,
ESTAT:TIPSPD22(1.0),10/09/26 11:00:00,Annual,Percentage of gross domestic product (GDP),Consolidated,Households; non-profit institutions serving households,Liabilities,"Securities other than shares, loans",Czechia,2009,28.4,,
ESTAT:TIPSPD22(1.0),10/09/26 11:00:00,Annual,Percentage of gross domestic product (GDP),Consolidated,Households; non-profit institutions serving households,Liabilities,"Securities other than shares, loans",Czechia,2010,28.5,,
ESTAT:TIPSPD22(1.0),10/09/26 11:00:00,Annual,Percentage of gross domestic product (GDP),Consolidated,Households; non-profit institutions serving households,Liabilities,"Securities other than shares, loans",Czechia,2011,29.6,,
ESTAT:TIPSPD22(1.0),10/09/26 11:00:00,Annual,Percentage of gross domestic product (GDP),Consolidated,Households; non-profit institutions serving households,Liabilities,"Securities other than shares, loans",Czechia,2012,30.4,,
ESTAT:TIPSPD22(1.0),10/09/26 11:00:00,Annual,Percentage of gross domestic product (GDP),Consolidated,Households; non-profit institutions serving households,Liabilities,"Securities other than shares, loans",Czechia,2013,31.2,,
ESTAT:TIPSPD22(1.0),10/09/26 11:00:00,Annual,Percentage of gross domestic product (GDP),Consolidated,Households; non-profit institutions serving households,Liabilities,"Securities other than shares, loans",Czechia,2014,30.0,,
ESTAT:TIPSPD22(1.0),10/09/26 11:00:00,Annual,Percentage of gross domestic product (GDP),Consolidated,Households; non-profit institutions serving households,Liabilities,"Securities other than shares, loans",Czechia,2015,30.0,,
ESTAT:TIPSPD22(1.0),10/09/26 11:00:00,Annual,Percentage of gross domestic product (GDP),Consolidated,Households; non-profit institutions serving households,Liabilities,"Securities other than shares, loans",Czechia,2016,30.8,,
ESTAT:TIPSPD22(1.0),10/09/26 11:00:00,Annual,Percentage of gross domestic product (GDP),Consolidated,Households; non-profit institutions serving households,Liabilities,"Securities other than shares, loans",Czechia,2017,31.1,,
ESTAT:TIPSPD22(1.0),10/09/26 11:00:00,Annual,Percentage of gross domestic product (GDP),Consolidated,Households; non-profit institutions serving households,Liabilities,"Securities other than shares, loans",Czechia,2018,31.4,,
ESTAT:TIPSPD22(1.0),10/09/26 11:00:00,Annual,Percentage of gross domestic product (GDP),Consolidated,Households; non-profit institutions serving households,Liabilities,"Securities other than shares, loans",Czechia,2019,31.0,,
ESTAT:TIPSPD22(1.0),10/09/26 11:00:00,Annual,Percentage of gross domestic product (GDP),Consolidated,Households; non-profit institutions serving households,Liabilities,"Securities other than shares, loans",Czechia,2020,33.2,,
ESTAT:TIPSPD22(1.0),10/09/26 11:00:00,Annual,Percentage of gross domestic product (GDP),Consolidated,Households; non-profit institutions serving households,Liabilities,"Securities other than shares, loans",Czechia,2021,33.9,,
ESTAT:TIPSPD22(1.0),10/09/26 11:00:00,Annual,Percentage of gross domestic product (GDP),Consolidated,Households; non-profit institutions serving households,Liabilities,"Securities other than shares, loans",Czechia,2022,31.9,,
ESTAT:TIPSPD22(1.0),10/09/26 11:00:00,Annual,Percentage of gross domestic product (GDP),Consolidated,Households; non-profit institutions serving households,Liabilities,"Securities other than shares, loans",Czechia,2023,30.7,,
ESTAT:TIPSPD22(1.0),10/09/26 11:00:00,Annual,Percentage of gross domestic product (GDP),Consolidated,Households; non-profit institutions serving households,Liabilities,"Securities other than shares, loans",Czechia,2024,31.0,,
ESTAT:TIPSPD22(1.0),10/09/26 11:00:00,Annual,Percentage of gross domestic product (GDP),Consolidated,Households; non-profit institutions serving households,Liabilities,"Securities other than shares, loans",Czechia,2025,31.5,,
ESTAT:TIPSPD22(1.0),10/09/26 11:00:00,Annual,Percentage of gross domestic product (GDP),Consolidated,Households; non-profit institutions serving households,Liabilities,"Securities other than shares, loans",Germany,1995,59.9,,
ESTAT:TIPSPD22(1.0),10/09/26 11:00:00,Annual,Percentage of gross domestic product (GDP),Consolidated,Households; non-profit institutions serving households,Liabilities,"Securities other than shares, loans",Germany,1996,63.1,,
ESTAT:TIPSPD22(1.0),10/09/26 11:00:00,Annual,Percentage of gross domestic product (GDP),Consolidated,Households; non-profit institutions serving households,Liabilities,"Securities other than shares, loans",Germany,1997,65.0,,
ESTAT:TIPSPD22(1.0),10/09/26 11:00:00,Annual,Percentage of gross domestic product (GDP),Consolidated,Households; non-profit institutions serving households,Liabilities,"Securities other than shares, loans",Germany,1998,67.0,,
ESTAT:TIPSPD22(1.0),10/09/26 11:00:00,Annual,Percentage of gross domestic product (GDP),Consolidated,Households; non-profit institutions serving households,Liabilities,"Securities other than shares, loans",Germany,1999,70.0,,
ESTAT:TIPSPD22(1.0),10/09/26 11:00:00,Annual,Percentage of gross domestic product (GDP),Consolidated,Households; non-profit institutions serving households,Liabilities,"Securities other than shares, loans",Germany,2000,70.5,,
ESTAT:TIPSPD22(1.0),10/09/26 11:00:00,Annual,Percentage of gross domestic product (GDP),Consolidated,Households; non-profit institutions serving households,Liabilities,"Securities other than shares, loans",Germany,2001,69.3,,
ESTAT:TIPSPD22(1.0),10/09/26 11:00:00,Annual,Percentage of gross domestic product (GDP),Consolidated,Households; non-profit institutions serving households,Liabilities,"Securities other than shares, loans",Germany,2002,69.2,,
ESTAT:TIPSPD22(1.0),10/09/26 11:00:00,Annual,Percentage of gross domestic product (GDP),Consolidated,Households; non-profit institutions serving households,Liabilities,"Securities other than shares, loans",Germany,2003,69.4,,
ESTAT:TIPSPD22(1.0),10/09/26 11:00:00,Annual,Percentage of gross domestic product (GDP),Consolidated,Households; non-profit institutions serving households,Liabilities,"Securities other than shares, loans",Germany,2004,67.9,,
ESTAT:TIPSPD22(1.0),10/09/26 11:00:00,Annual,Percentage of gross domestic product (GDP),Consolidated,Households; non-profit institutions serving households,Liabilities,"Securities other than shares, loans",Germany,2005,66.9,,
ESTAT:TIPSPD22(1.0),10/09/26 11:00:00,Annual,Percentage of gross domestic product (GDP),Consolidated,Households; non-profit institutions serving households,Liabilities,"Securities other than shares, loans",Germany,2006,64.2,,
ESTAT:TIPSPD22(1.0),10/09/26 11:00:00,Annual,Percentage of gross domestic product (GDP),Consolidated,Households; non-profit institutions serving households,Liabilities,"Securities other than shares, loans",Germany,2007,60.4,,
ESTAT:TIPSPD22(1.0),10/09/26 11:00:00,Annual,Percentage of gross domestic product (GDP),Consolidated,Households; non-profit institutions serving households,Liabilities,"Securities other than shares, loans",Germany,2008,58.8,,
ESTAT:TIPSPD22(1.0),10/09/26 11:00:00,Annual,Percentage of gross domestic product (GDP),Consolidated,Households; non-profit institutions serving households,Liabilities,"Securities other than shares, loans",Germany,2009,60.9,,
ESTAT:TIPSPD22(1.0),10/09/26 11:00:00,Annual,Percentage of gross domestic product (GDP),Consolidated,Households; non-profit institutions serving households,Liabilities,"Securities other than shares, loans",Germany,2010,58.2,,
ESTAT:TIPSPD22(1.0),10/09/26 11:00:00,Annual,Percentage of gross domestic product (GDP),Consolidated,Households; non-profit institutions serving households,Liabilities,"Securities other than shares, loans",Germany,2011,56.0,,
ESTAT:TIPSPD22(1.0),10/09/26 11:00:00,Annual,Percentage of gross domestic product (GDP),Consolidated,Households; non-profit institutions serving households,Liabilities,"Securities other than shares, loans",Germany,2012,55.5,,
ESTAT:TIPSPD22(1.0),10/09/26 11:00:00,Annual,Percentage of gross domestic product (GDP),Consolidated,Households; non-profit institutions serving households,Liabilities,"Securities other than shares, loans",Germany,2013,54.6,,
ESTAT:TIPSPD22(1.0),10/09/26 11:00:00,Annual,Percentage of gross domestic product (GDP),Consolidated,Households; non-profit institutions serving households,Liabilities,"Securities other than shares, loans",Germany,2014,53.2,,
ESTAT:TIPSPD22(1.0),10/09/26 11:00:00,Annual,Percentage of gross domestic product (GDP),Consolidated,Households; non-profit institutions serving households,Liabilities,"Securities other than shares, loans",Germany,2015,52.6,,
ESTAT:TIPSPD22(1.0),10/09/26 11:00:00,Annual,Percentage of gross domestic product (GDP),Consolidated,Households; non-profit institutions serving households,Liabilities,"Securities other than shares, loans",Germany,2016,52.3,,
ESTAT:TIPSPD22(1.0),10/09/26 11:00:00,Annual,Percentage of gross domestic product (GDP),Consolidated,Households; non-profit institutions serving households,Liabilities,"Securities other than shares, loans",Germany,2017,51.9,,
ESTAT:TIPSPD22(1.0),10/09/26 11:00:00,Annual,Percentage of gross domestic product (GDP),Consolidated,Households; non-profit institutions serving households,Liabilities,"Securities other than shares, loans",Germany,2018,51.6,,
ESTAT:TIPSPD22(1.0),10/09/26 11:00:00,Annual,Percentage of gross domestic product (GDP),Consolidated,Households; non-profit institutions serving households,Liabilities,"Securities other than shares, loans",Germany,2019,52.5,,
ESTAT:TIPSPD22(1.0),10/09/26 11:00:00,Annual,Percentage of gross domestic product (GDP),Consolidated,Households; non-profit institutions serving households,Liabilities,"Securities other than shares, loans",Germany,2020,56.0,,
ESTAT:TIPSPD22(1.0),10/09/26 11:00:00,Annual,Percentage of gross domestic product (GDP),Consolidated,Households; non-profit institutions serving households,Liabilities,"Securities other than shares, loans",Germany,2021,55.2,,
ESTAT:TIPSPD22(1.0),10/09/26 11:00:00,Annual,Percentage of gross domestic product (GDP),Consolidated,Households; non-profit institutions serving households,Liabilities,"Securities other than shares, loans",Germany,2022,53.1,p,
ESTAT:TIPSPD22(1.0),10/09/26 11:00:00,Annual,Percentage of gross domestic product (GDP),Consolidated,Households; non-profit institutions serving households,Liabilities,"Securities other than shares, loans",Germany,2023,50.6,p,
ESTAT:TIPSPD22(1.0),10/09/26 11:00:00,Annual,Percentage of gross domestic product (GDP),Consolidated,Households; non-profit institutions serving households,Liabilities,"Securities other than shares, loans",Germany,2024,49.7,p,
ESTAT:TIPSPD22(1.0),10/09/26 11:00:00,Annual,Percentage of gross domestic product (GDP),Consolidated,Households; non-profit institutions serving households,Liabilities,"Securities other than shares, loans",Germany,2025,49.0,p,
ESTAT:TIPSPD22(1.0),10/09/26 11:00:00,Annual,Percentage of gross domestic product (GDP),Consolidated,Households; non-profit institutions serving households,Liabilities,"Securities other than shares, loans",Denmark,1995,70.2,,
ESTAT:TIPSPD22(1.0),10/09/26 11:00:00,Annual,Percentage of gross domestic product (GDP),Consolidated,Households; non-profit institutions serving households,Liabilities,"Securities other than shares, loans",Denmark,1996,73.0,,
ESTAT:TIPSPD22(1.0),10/09/26 11:00:00,Annual,Percentage of gross domestic product (GDP),Consolidated,Households; non-profit institutions serving households,Liabilities,"Securities other than shares, loans",Denmark,1997,75.3,,
ESTAT:TIPSPD22(1.0),10/09/26 11:00:00,Annual,Percentage of gross domestic product (GDP),Consolidated,Households; non-profit institutions serving households,Liabilities,"Securities other than shares, loans",Denmark,1998,75.9,,
ESTAT:TIPSPD22(1.0),10/09/26 11:00:00,Annual,Percentage of gross domestic product (GDP),Consolidated,Households; non-profit institutions serving households,Liabilities,"Securities other than shares, loans",Denmark,1999,75.7,,
ESTAT:TIPSPD22(1.0),10/09/26 11:00:00,Annual,Percentage of gross domestic product (GDP),Consolidated,Households; non-profit institutions serving households,Liabilities,"Securities other than shares, loans",Denmark,2000,75.7,,
ESTAT:TIPSPD22(1.0),10/09/26 11:00:00,Annual,Percentage of gross domestic product (GDP),Consolidated,Households; non-profit institutions serving households,Liabilities,"Securities other than shares, loans",Denmark,2001,80.4,,
ESTAT:TIPSPD22(1.0),10/09/26 11:00:00,Annual,Percentage of gross domestic product (GDP),Consolidated,Households; non-profit institutions serving households,Liabilities,"Securities other than shares, loans",Denmark,2002,84.7,,
ESTAT:TIPSPD22(1.0),10/09/26 11:00:00,Annual,Percentage of gross domestic product (GDP),Consolidated,Households; non-profit institutions serving households,Liabilities,"Securities other than shares, loans",Denmark,2003,90.2,,
ESTAT:TIPSPD22(1.0),10/09/26 11:00:00,Annual,Percentage of gross domestic product (GDP),Consolidated,Households; non-profit institutions serving households,Liabilities,"Securities other than shares, loans",Denmark,2004,94.3,,
ESTAT:TIPSPD22(1.0),10/09/26 11:00:00,Annual,Percentage of gross domestic product (GDP),Consolidated,Households; non-profit institutions serving households,Liabilities,"Securities other than shares, loans",Denmark,2005,101.6,,
ESTAT:TIPSPD22(1.0),10/09/26 11:00:00,Annual,Percentage of gross domestic product (GDP),Consolidated,Households; non-profit institutions serving households,Liabilities,"Securities other than shares, loans",Denmark,2006,108.1,,
ESTAT:TIPSPD22(1.0),10/09/26 11:00:00,Annual,Percentage of gross domestic product (GDP),Consolidated,Households; non-profit institutions serving households,Liabilities,"Securities other than shares, loans",Denmark,2007,115.4,,
ESTAT:TIPSPD22(1.0),10/09/26 11:00:00,Annual,Percentage of gross domestic product (GDP),Consolidated,Households; non-profit institutions serving households,Liabilities,"Securities other than shares, loans",Denmark,2008,119.6,,
ESTAT:TIPSPD22(1.0),10/09/26 11:00:00,Annual,Percentage of gross domestic product (GDP),Consolidated,Households; non-profit institutions serving households,Liabilities,"Securities other than shares, loans",Denmark,2009,129.9,,
ESTAT:TIPSPD22(1.0),10/09/26 11:00:00,Annual,Percentage of gross domestic product (GDP),Consolidated,Households; non-profit institutions serving households,Liabilities,"Securities other than shares, loans",Denmark,2010,128.0,,
ESTAT:TIPSPD22(1.0),10/09/26 11:00:00,Annual,Percentage of gross domestic product (GDP),Consolidated,Households; non-profit institutions serving households,Liabilities,"Securities other than shares, loans",Denmark,2011,125.9,,
ESTAT:TIPSPD22(1.0),10/09/26 11:00:00,Annual,Percentage of gross domestic product (GDP),Consolidated,Households; non-profit institutions serving households,Liabilities,"Securities other than shares, loans",Denmark,2012,124.0,,
ESTAT:TIPSPD22(1.0),10/09/26 11:00:00,Annual,Percentage of gross domestic product (GDP),Consolidated,Households; non-profit institutions serving households,Liabilities,"Securities other than shares, loans",Denmark,2013,124.7,,
ESTAT:TIPSPD22(1.0),10/09/26 11:00:00,Annual,Percentage of gross domestic product (GDP),Consolidated,Households; non-profit institutions serving households,Liabilities,"Securities other than shares, loans",Denmark,2014,122.7,,
ESTAT:TIPSPD22(1.0),10/09/26 11:00:00,Annual,Percentage of gross domestic product (GDP),Consolidated,Households; non-profit institutions serving households,Liabilities,"Securities other than shares, loans",Denmark,2015,118.7,,
ESTAT:TIPSPD22(1.0),10/09/26 11:00:00,Annual,Percentage of gross domestic product (GDP),Consolidated,Households; non-profit institutions serving households,Liabilities,"Securities other than shares, loans",Denmark,2016,116.9,,
ESTAT:TIPSPD22(1.0),10/09/26 11:00:00,Annual,Percentage of gross domestic product (GDP),Consolidated,Households; non-profit institutions serving households,Liabilities,"Securities other than shares, loans",Denmark,2017,113.8,,
ESTAT:TIPSPD22(1.0),10/09/26 11:00:00,Annual,Percentage of gross domestic product (GDP),Consolidated,Households; non-profit institutions serving households,Liabilities,"Securities other than shares, loans",Denmark,2018,112.3,,
ESTAT:TIPSPD22(1.0),10/09/26 11:00:00,Annual,Percentage of gross domestic product (GDP),Consolidated,Households; non-profit institutions serving households,Liabilities,"Securities other than shares, loans",Denmark,2019,110.8,,
ESTAT:TIPSPD22(1.0),10/09/26 11:00:00,Annual,Percentage of gross domestic product (GDP),Consolidated,Households; non-profit institutions serving households,Liabilities,"Securities other than shares, loans",Denmark,2020,112.1,,
ESTAT:TIPSPD22(1.0),10/09/26 11:00:00,Annual,Percentage of gross domestic product (GDP),Consolidated,Households; non-profit institutions serving households,Liabilities,"Securities other than shares, loans",Denmark,2021,102.5,,
ESTAT:TIPSPD22(1.0),10/09/26 11:00:00,Annual,Percentage of gross domestic product (GDP),Consolidated,Households; non-profit institutions serving households,Liabilities,"Securities other than shares, loans",Denmark,2022,85.1,,
ESTAT:TIPSPD22(1.0),10/09/26 11:00:00,Annual,Percentage of gross domestic product (GDP),Consolidated,Households; non-profit institutions serving households,Liabilities,"Securities other than shares, loans",Denmark,2023,88.8,,
ESTAT:TIPSPD22(1.0),10/09/26 11:00:00,Annual,Percentage of gross domestic product (GDP),Consolidated,Households; non-profit institutions serving households,Liabilities,"Securities other than shares, loans",Denmark,2024,84.0,,
ESTAT:TIPSPD22(1.0),10/09/26 11:00:00,Annual,Percentage of gross domestic product (GDP),Consolidated,Households; non-profit institutions serving households,Liabilities,"Securities other than shares, loans",Denmark,2025,82.6,,
ESTAT:TIPSPD22(1.0),10/09/26 11:00:00,Annual,Percentage of gross domestic product (GDP),Consolidated,Households; non-profit institutions serving households,Liabilities,"Securities other than shares, loans",Estonia,1995,1.8,,
ESTAT:TIPSPD22(1.0),10/09/26 11:00:00,Annual,Percentage of gross domestic product (GDP),Consolidated,Households; non-profit institutions serving households,Liabilities,"Securities other than shares, loans",Estonia,1996,3.4,,
ESTAT:TIPSPD22(1.0),10/09/26 11:00:00,Annual,Percentage of gross domestic product (GDP),Consolidated,Households; non-profit institutions serving households,Liabilities,"Securities other than shares, loans",Estonia,1997,6.3,,
ESTAT:TIPSPD22(1.0),10/09/26 11:00:00,Annual,Percentage of gross domestic product (GDP),Consolidated,Households; non-profit institutions serving households,Liabilities,"Securities other than shares, loans",Estonia,1998,5.8,,
ESTAT:TIPSPD22(1.0),10/09/26 11:00:00,Annual,Percentage of gross domestic product (GDP),Consolidated,Households; non-profit institutions serving households,Liabilities,"Securities other than shares, loans",Estonia,1999,7.0,,
ESTAT:TIPSPD22(1.0),10/09/26 11:00:00,Annual,Percentage of gross domestic product (GDP),Consolidated,Households; non-profit institutions serving households,Liabilities,"Securities other than shares, loans",Estonia,2000,8.7,,
ESTAT:TIPSPD22(1.0),10/09/26 11:00:00,Annual,Percentage of gross domestic product (GDP),Consolidated,Households; non-profit institutions serving households,Liabilities,"Securities other than shares, loans",Estonia,2001,10.8,,
ESTAT:TIPSPD22(1.0),10/09/26 11:00:00,Annual,Percentage of gross domestic product (GDP),Consolidated,Households; non-profit institutions serving households,Liabilities,"Securities other than shares, loans",Estonia,2002,14.1,,
ESTAT:TIPSPD22(1.0),10/09/26 11:00:00,Annual,Percentage of gross domestic product (GDP),Consolidated,Households; non-profit institutions serving households,Liabilities,"Securities other than shares, loans",Estonia,2003,18.4,,
ESTAT:TIPSPD22(1.0),10/09/26 11:00:00,Annual,Percentage of gross domestic product (GDP),Consolidated,Households; non-profit institutions serving households,Liabilities,"Securities other than shares, loans",Estonia,2004,24.2,,
ESTAT:TIPSPD22(1.0),10/09/26 11:00:00,Annual,Percentage of gross domestic product (GDP),Consolidated,Households; non-profit institutions serving households,Liabilities,"Securities other than shares, loans",Estonia,2005,32.0,,
ESTAT:TIPSPD22(1.0),10/09/26 11:00:00,Annual,Percentage of gross domestic product (GDP),Consolidated,Households; non-profit institutions serving households,Liabilities,"Securities other than shares, loans",Estonia,2006,41.9,,
ESTAT:TIPSPD22(1.0),10/09/26 11:00:00,Annual,Percentage of gross domestic product (GDP),Consolidated,Households; non-profit institutions serving households,Liabilities,"Securities other than shares, loans",Estonia,2007,46.1,,
ESTAT:TIPSPD22(1.0),10/09/26 11:00:00,Annual,Percentage of gross domestic product (GDP),Consolidated,Households; non-profit institutions serving households,Liabilities,"Securities other than shares, loans",Estonia,2008,50.6,,
ESTAT:TIPSPD22(1.0),10/09/26 11:00:00,Annual,Percentage of gross domestic product (GDP),Consolidated,Households; non-profit institutions serving households,Liabilities,"Securities other than shares, loans",Estonia,2009,57.5,,
ESTAT:TIPSPD22(1.0),10/09/26 11:00:00,Annual,Percentage of gross domestic product (GDP),Consolidated,Households; non-profit institutions serving households,Liabilities,"Securities other than shares, loans",Estonia,2010,53.0,,
ESTAT:TIPSPD22(1.0),10/09/26 11:00:00,Annual,Percentage of gross domestic product (GDP),Consolidated,Households; non-profit institutions serving households,Liabilities,"Securities other than shares, loans",Estonia,2011,45.5,,
ESTAT:TIPSPD22(1.0),10/09/26 11:00:00,Annual,Percentage of gross domestic product (GDP),Consolidated,Households; non-profit institutions serving households,Liabilities,"Securities other than shares, loans",Estonia,2012,41.6,,
ESTAT:TIPSPD22(1.0),10/09/26 11:00:00,Annual,Percentage of gross domestic product (GDP),Consolidated,Households; non-profit institutions serving households,Liabilities,"Securities other than shares, loans",Estonia,2013,39.7,,
ESTAT:TIPSPD22(1.0),10/09/26 11:00:00,Annual,Percentage of gross domestic product (GDP),Consolidated,Households; non-profit institutions serving households,Liabilities,"Securities other than shares, loans",Estonia,2014,38.3,,
ESTAT:TIPSPD22(1.0),10/09/26 11:00:00,Annual,Percentage of gross domestic product (GDP),Consolidated,Households; non-profit institutions serving households,Liabilities,"Securities other than shares, loans",Estonia,2015,39.0,,
ESTAT:TIPSPD22(1.0),10/09/26 11:00:00,Annual,Percentage of gross domestic product (GDP),Consolidated,Households; non-profit institutions serving households,Liabilities,"Securities other than shares, loans",Estonia,2016,39.2,,
ESTAT:TIPSPD22(1.0),10/09/26 11:00:00,Annual,Percentage of gross domestic product (GDP),Consolidated,Households; non-profit institutions serving households,Liabilities,"Securities other than shares, loans",Estonia,2017,38.5,,
ESTAT:TIPSPD22(1.0),10/09/26 11:00:00,Annual,Percentage of gross domestic product (GDP),Consolidated,Households; non-profit institutions serving households,Liabilities,"Securities other than shares, loans",Estonia,2018,37.7,,
ESTAT:TIPSPD22(1.0),10/09/26 11:00:00,Annual,Percentage of gross domestic product (GDP),Consolidated,Households; non-profit institutions serving households,Liabilities,"Securities other than shares, loans",Estonia,2019,37.5,,
ESTAT:TIPSPD22(1.0),10/09/26 11:00:00,Annual,Percentage of gross domestic product (GDP),Consolidated,Households; non-profit institutions serving households,Liabilities,"Securities other than shares, loans",Estonia,2020,39.9,,
ESTAT:TIPSPD22(1.0),10/09/26 11:00:00,Annual,Percentage of gross domestic product (GDP),Consolidated,Households; non-profit institutions serving households,Liabilities,"Securities other than shares, loans",Estonia,2021,38.0,,
ESTAT:TIPSPD22(1.0),10/09/26 11:00:00,Annual,Percentage of gross domestic product (GDP),Consolidated,Households; non-profit institutions serving households,Liabilities,"Securities other than shares, loans",Estonia,2022,36.5,,
ESTAT:TIPSPD22(1.0),10/09/26 11:00:00,Annual,Percentage of gross domestic product (GDP),Consolidated,Households; non-profit institutions serving households,Liabilities,"Securities other than shares, loans",Estonia,2023,36.7,,
ESTAT:TIPSPD22(1.0),10/09/26 11:00:00,Annual,Percentage of gross domestic product (GDP),Consolidated,Households; non-profit institutions serving households,Liabilities,"Securities other than shares, loans",Estonia,2024,38.3,,
ESTAT:TIPSPD22(1.0),10/09/26 11:00:00,Annual,Percentage of gross domestic product (GDP),Consolidated,Households; non-profit institutions serving households,Liabilities,"Securities other than shares, loans",Estonia,2025,39.5,,
ESTAT:TIPSPD22(1.0),10/09/26 11:00:00,Annual,Percentage of gross domestic product (GDP),Consolidated,Households; non-profit institutions serving households,Liabilities,"Securities other than shares, loans",Greece,1995,5.7,,
ESTAT:TIPSPD22(1.0),10/09/26 11:00:00,Annual,Percentage of gross domestic product (GDP),Consolidated,Households; non-profit institutions serving households,Liabilities,"Securities other than shares, loans",Greece,1996,6.6,,
ESTAT:TIPSPD22(1.0),10/09/26 11:00:00,Annual,Percentage of gross domestic product (GDP),Consolidated,Households; non-profit institutions serving households,Liabilities,"Securities other than shares, loans",Greece,1997,8.3,,
ESTAT:TIPSPD22(1.0),10/09/26 11:00:00,Annual,Percentage of gross domestic product (GDP),Consolidated,Households; non-profit institutions serving households,Liabilities,"Securities other than shares, loans",Greece,1998,9.3,,
ESTAT:TIPSPD22(1.0),10/09/26 11:00:00,Annual,Percentage of gross domestic product (GDP),Consolidated,Households; non-profit institutions serving households,Liabilities,"Securities other than shares, loans",Greece,1999,10.9,,
ESTAT:TIPSPD22(1.0),10/09/26 11:00:00,Annual,Percentage of gross domestic product (GDP),Consolidated,Households; non-profit institutions serving households,Liabilities,"Securities other than shares, loans",Greece,2000,13.6,,
ESTAT:TIPSPD22(1.0),10/09/26 11:00:00,Annual,Percentage of gross domestic product (GDP),Consolidated,Households; non-profit institutions serving households,Liabilities,"Securities other than shares, loans",Greece,2001,17.4,,
ESTAT:TIPSPD22(1.0),10/09/26 11:00:00,Annual,Percentage of gross domestic product (GDP),Consolidated,Households; non-profit institutions serving households,Liabilities,"Securities other than shares, loans",Greece,2002,21.3,,
ESTAT:TIPSPD22(1.0),10/09/26 11:00:00,Annual,Percentage of gross domestic product (GDP),Consolidated,Households; non-profit institutions serving households,Liabilities,"Securities other than shares, loans",Greece,2003,24.7,,
ESTAT:TIPSPD22(1.0),10/09/26 11:00:00,Annual,Percentage of gross domestic product (GDP),Consolidated,Households; non-profit institutions serving households,Liabilities,"Securities other than shares, loans",Greece,2004,29.7,,
ESTAT:TIPSPD22(1.0),10/09/26 11:00:00,Annual,Percentage of gross domestic product (GDP),Consolidated,Households; non-profit institutions serving households,Liabilities,"Securities other than shares, loans",Greece,2005,36.9,,
ESTAT:TIPSPD22(1.0),10/09/26 11:00:00,Annual,Percentage of gross domestic product (GDP),Consolidated,Households; non-profit institutions serving households,Liabilities,"Securities other than shares, loans",Greece,2006,41.7,,
ESTAT:TIPSPD22(1.0),10/09/26 11:00:00,Annual,Percentage of gross domestic product (GDP),Consolidated,Households; non-profit institutions serving households,Liabilities,"Securities other than shares, loans",Greece,2007,47.1,,
ESTAT:TIPSPD22(1.0),10/09/26 11:00:00,Annual,Percentage of gross domestic product (GDP),Consolidated,Households; non-profit institutions serving households,Liabilities,"Securities other than shares, loans",Greece,2008,50.9,,
ESTAT:TIPSPD22(1.0),10/09/26 11:00:00,Annual,Percentage of gross domestic product (GDP),Consolidated,Households; non-profit institutions serving households,Liabilities,"Securities other than shares, loans",Greece,2009,52.9,,
ESTAT:TIPSPD22(1.0),10/09/26 11:00:00,Annual,Percentage of gross domestic product (GDP),Consolidated,Households; non-profit institutions serving households,Liabilities,"Securities other than shares, loans",Greece,2010,62.2,,
ESTAT:TIPSPD22(1.0),10/09/26 11:00:00,Annual,Percentage of gross domestic product (GDP),Consolidated,Households; non-profit institutions serving households,Liabilities,"Securities other than shares, loans",Greece,2011,65.3,,
ESTAT:TIPSPD22(1.0),10/09/26 11:00:00,Annual,Percentage of gross domestic product (GDP),Consolidated,Households; non-profit institutions serving households,Liabilities,"Securities other than shares, loans",Greece,2012,67.0,,
ESTAT:TIPSPD22(1.0),10/09/26 11:00:00,Annual,Percentage of gross domestic product (GDP),Consolidated,Households; non-profit institutions serving households,Liabilities,"Securities other than shares, loans",Greece,2013,66.8,,
ESTAT:TIPSPD22(1.0),10/09/26 11:00:00,Annual,Percentage of gross domestic product (GDP),Consolidated,Households; non-profit institutions serving households,Liabilities,"Securities other than shares, loans",Greece,2014,65.0,,
ESTAT:TIPSPD22(1.0),10/09/26 11:00:00,Annual,Percentage of gross domestic product (GDP),Consolidated,Households; non-profit institutions serving households,Liabilities,"Securities other than shares, loans",Greece,2015,63.2,,
ESTAT:TIPSPD22(1.0),10/09/26 11:00:00,Annual,Percentage of gross domestic product (GDP),Consolidated,Households; non-profit institutions serving households,Liabilities,"Securities other than shares, loans",Greece,2016,61.3,,
ESTAT:TIPSPD22(1.0),10/09/26 11:00:00,Annual,Percentage of gross domestic product (GDP),Consolidated,Households; non-profit institutions serving households,Liabilities,"Securities other than shares, loans",Greece,2017,58.2,,
ESTAT:TIPSPD22(1.0),10/09/26 11:00:00,Annual,Percentage of gross domestic product (GDP),Consolidated,Households; non-profit institutions serving households,Liabilities,"Securities other than shares, loans",Greece,2018,58.5,,
ESTAT:TIPSPD22(1.0),10/09/26 11:00:00,Annual,Percentage of gross domestic product (GDP),Consolidated,Households; non-profit institutions serving households,Liabilities,"Securities other than shares, loans",Greece,2019,55.4,,
ESTAT:TIPSPD22(1.0),10/09/26 11:00:00,Annual,Percentage of gross domestic product (GDP),Consolidated,Households; non-profit institutions serving households,Liabilities,"Securities other than shares, loans",Greece,2020,58.7,,
ESTAT:TIPSPD22(1.0),10/09/26 11:00:00,Annual,Percentage of gross domestic product (GDP),Consolidated,Households; non-profit institutions serving households,Liabilities,"Securities other than shares, loans",Greece,2021,54.6,,
ESTAT:TIPSPD22(1.0),10/09/26 11:00:00,Annual,Percentage of gross domestic product (GDP),Consolidated,Households; non-profit institutions serving households,Liabilities,"Securities other than shares, loans",Greece,2022,45.1,,
ESTAT:TIPSPD22(1.0),10/09/26 11:00:00,Annual,Percentage of gross domestic product (GDP),Consolidated,Households; non-profit institutions serving households,Liabilities,"Securities other than shares, loans",Greece,2023,40.9,p,
ESTAT:TIPSPD22(1.0),10/09/26 11:00:00,Annual,Percentage of gross domestic product (GDP),Consolidated,Households; non-profit institutions serving households,Liabilities,"Securities other than shares, loans",Greece,2024,39.0,p,
ESTAT:TIPSPD22(1.0),10/09/26 11:00:00,Annual,Percentage of gross domestic product (GDP),Consolidated,Households; non-profit institutions serving households,Liabilities,"Securities other than shares, loans",Greece,2025,38.0,p,
ESTAT:TIPSPD22(1.0),10/09/26 11:00:00,Annual,Percentage of gross domestic product (GDP),Consolidated,Households; non-profit institutions serving households,Liabilities,"Securities other than shares, loans",Spain,1995,31.5,,
ESTAT:TIPSPD22(1.0),10/09/26 11:00:00,Annual,Percentage of gross domestic product (GDP),Consolidated,Households; non-profit institutions serving households,Liabilities,"Securities other than shares, loans",Spain,1996,32.3,,
ESTAT:TIPSPD22(1.0),10/09/26 11:00:00,Annual,Percentage of gross domestic product (GDP),Consolidated,Households; non-profit institutions serving households,Liabilities,"Securities other than shares, loans",Spain,1997,34.5,,
ESTAT:TIPSPD22(1.0),10/09/26 11:00:00,Annual,Percentage of gross domestic product (GDP),Consolidated,Households; non-profit institutions serving households,Liabilities,"Securities other than shares, loans",Spain,1998,38.1,,
ESTAT:TIPSPD22(1.0),10/09/26 11:00:00,Annual,Percentage of gross domestic product (GDP),Consolidated,Households; non-profit institutions serving households,Liabilities,"Securities other than shares, loans",Spain,1999,42.3,,
ESTAT:TIPSPD22(1.0),10/09/26 11:00:00,Annual,Percentage of gross domestic product (GDP),Consolidated,Households; non-profit institutions serving households,Liabilities,"Securities other than shares, loans",Spain,2000,45.6,,
ESTAT:TIPSPD22(1.0),10/09/26 11:00:00,Annual,Percentage of gross domestic product (GDP),Consolidated,Households; non-profit institutions serving households,Liabilities,"Securities other than shares, loans",Spain,2001,47.3,,
ESTAT:TIPSPD22(1.0),10/09/26 11:00:00,Annual,Percentage of gross domestic product (GDP),Consolidated,Households; non-profit institutions serving households,Liabilities,"Securities other than shares, loans",Spain,2002,51.2,,
ESTAT:TIPSPD22(1.0),10/09/26 11:00:00,Annual,Percentage of gross domestic product (GDP),Consolidated,Households; non-profit institutions serving households,Liabilities,"Securities other than shares, loans",Spain,2003,56.7,,
ESTAT:TIPSPD22(1.0),10/09/26 11:00:00,Annual,Percentage of gross domestic product (GDP),Consolidated,Households; non-profit institutions serving households,Liabilities,"Securities other than shares, loans",Spain,2004,63.5,,
ESTAT:TIPSPD22(1.0),10/09/26 11:00:00,Annual,Percentage of gross domestic product (GDP),Consolidated,Households; non-profit institutions serving households,Liabilities,"Securities other than shares, loans",Spain,2005,70.9,,
ESTAT:TIPSPD22(1.0),10/09/26 11:00:00,Annual,Percentage of gross domestic product (GDP),Consolidated,Households; non-profit institutions serving households,Liabilities,"Securities other than shares, loans",Spain,2006,78.2,,
ESTAT:TIPSPD22(1.0),10/09/26 11:00:00,Annual,Percentage of gross domestic product (GDP),Consolidated,Households; non-profit institutions serving households,Liabilities,"Securities other than shares, loans",Spain,2007,81.9,,
ESTAT:TIPSPD22(1.0),10/09/26 11:00:00,Annual,Percentage of gross domestic product (GDP),Consolidated,Households; non-profit institutions serving households,Liabilities,"Securities other than shares, loans",Spain,2008,82.8,,
ESTAT:TIPSPD22(1.0),10/09/26 11:00:00,Annual,Percentage of gross domestic product (GDP),Consolidated,Households; non-profit institutions serving households,Liabilities,"Securities other than shares, loans",Spain,2009,85.0,,
ESTAT:TIPSPD22(1.0),10/09/26 11:00:00,Annual,Percentage of gross domestic product (GDP),Consolidated,Households; non-profit institutions serving households,Liabilities,"Securities other than shares, loans",Spain,2010,84.3,,
ESTAT:TIPSPD22(1.0),10/09/26 11:00:00,Annual,Percentage of gross domestic product (GDP),Consolidated,Households; non-profit institutions serving households,Liabilities,"Securities other than shares, loans",Spain,2011,82.4,,
ESTAT:TIPSPD22(1.0),10/09/26 11:00:00,Annual,Percentage of gross domestic product (GDP),Consolidated,Households; non-profit institutions serving households,Liabilities,"Securities other than shares, loans",Spain,2012,81.4,,
ESTAT:TIPSPD22(1.0),10/09/26 11:00:00,Annual,Percentage of gross domestic product (GDP),Consolidated,Households; non-profit institutions serving households,Liabilities,"Securities other than shares, loans",Spain,2013,77.6,,
ESTAT:TIPSPD22(1.0),10/09/26 11:00:00,Annual,Percentage of gross domestic product (GDP),Consolidated,Households; non-profit institutions serving households,Liabilities,"Securities other than shares, loans",Spain,2014,73.1,,
ESTAT:TIPSPD22(1.0),10/09/26 11:00:00,Annual,Percentage of gross domestic product (GDP),Consolidated,Households; non-profit institutions serving households,Liabilities,"Securities other than shares, loans",Spain,2015,67.6,,
ESTAT:TIPSPD22(1.0),10/09/26 11:00:00,Annual,Percentage of gross domestic product (GDP),Consolidated,Households; non-profit institutions serving households,Liabilities,"Securities other than shares, loans",Spain,2016,64.1,,
ESTAT:TIPSPD22(1.0),10/09/26 11:00:00,Annual,Percentage of gross domestic product (GDP),Consolidated,Households; non-profit institutions serving households,Liabilities,"Securities other than shares, loans",Spain,2017,60.9,,
ESTAT:TIPSPD22(1.0),10/09/26 11:00:00,Annual,Percentage of gross domestic product (GDP),Consolidated,Households; non-profit institutions serving households,Liabilities,"Securities other than shares, loans",Spain,2018,58.6,,
ESTAT:TIPSPD22(1.0),10/09/26 11:00:00,Annual,Percentage of gross domestic product (GDP),Consolidated,Households; non-profit institutions serving households,Liabilities,"Securities other than shares, loans",Spain,2019,56.5,,
ESTAT:TIPSPD22(1.0),10/09/26 11:00:00,Annual,Percentage of gross domestic product (GDP),Consolidated,Households; non-profit institutions serving households,Liabilities,"Securities other than shares, loans",Spain,2020,62.1,,
ESTAT:TIPSPD22(1.0),10/09/26 11:00:00,Annual,Percentage of gross domestic product (GDP),Consolidated,Households; non-profit institutions serving households,Liabilities,"Securities other than shares, loans",Spain,2021,57.2,,
ESTAT:TIPSPD22(1.0),10/09/26 11:00:00,Annual,Percentage of gross domestic product (GDP),Consolidated,Households; non-profit institutions serving households,Liabilities,"Securities other than shares, loans",Spain,2022,51.4,,
ESTAT:TIPSPD22(1.0),10/09/26 11:00:00,Annual,Percentage of gross domestic product (GDP),Consolidated,Households; non-profit institutions serving households,Liabilities,"Securities other than shares, loans",Spain,2023,46.1,p,
ESTAT:TIPSPD22(1.0),10/09/26 11:00:00,Annual,Percentage of gross domestic product (GDP),Consolidated,Households; non-profit institutions serving households,Liabilities,"Securities other than shares, loans",Spain,2024,43.7,p,
ESTAT:TIPSPD22(1.0),10/09/26 11:00:00,Annual,Percentage of gross domestic product (GDP),Consolidated,Households; non-profit institutions serving households,Liabilities,"Securities other than shares, loans",Spain,2025,42.9,p,
ESTAT:TIPSPD22(1.0),10/09/26 11:00:00,Annual,Percentage of gross domestic product (GDP),Consolidated,Households; non-profit institutions serving households,Liabilities,"Securities other than shares, loans",Finland,1995,36.4,,
ESTAT:TIPSPD22(1.0),10/09/26 11:00:00,Annual,Percentage of gross domestic product (GDP),Consolidated,Households; non-profit institutions serving households,Liabilities,"Securities other than shares, loans",Finland,1996,33.5,,
ESTAT:TIPSPD22(1.0),10/09/26 11:00:00,Annual,Percentage of gross domestic product (GDP),Consolidated,Households; non-profit institutions serving households,Liabilities,"Securities other than shares, loans",Finland,1997,30.2,,
ESTAT:TIPSPD22(1.0),10/09/26 11:00:00,Annual,Percentage of gross domestic product (GDP),Consolidated,Households; non-profit institutions serving households,Liabilities,"Securities other than shares, loans",Finland,1998,29.6,,
ESTAT:TIPSPD22(1.0),10/09/26 11:00:00,Annual,Percentage of gross domestic product (GDP),Consolidated,Households; non-profit institutions serving households,Liabilities,"Securities other than shares, loans",Finland,1999,31.0,,
ESTAT:TIPSPD22(1.0),10/09/26 11:00:00,Annual,Percentage of gross domestic product (GDP),Consolidated,Households; non-profit institutions serving households,Liabilities,"Securities other than shares, loans",Finland,2000,31.2,,
ESTAT:TIPSPD22(1.0),10/09/26 11:00:00,Annual,Percentage of gross domestic product (GDP),Consolidated,Households; non-profit institutions serving households,Liabilities,"Securities other than shares, loans",Finland,2001,31.8,,
ESTAT:TIPSPD22(1.0),10/09/26 11:00:00,Annual,Percentage of gross domestic product (GDP),Consolidated,Households; non-profit institutions serving households,Liabilities,"Securities other than shares, loans",Finland,2002,34.1,,
ESTAT:TIPSPD22(1.0),10/09/26 11:00:00,Annual,Percentage of gross domestic product (GDP),Consolidated,Households; non-profit institutions serving households,Liabilities,"Securities other than shares, loans",Finland,2003,37.5,,
ESTAT:TIPSPD22(1.0),10/09/26 11:00:00,Annual,Percentage of gross domestic product (GDP),Consolidated,Households; non-profit institutions serving households,Liabilities,"Securities other than shares, loans",Finland,2004,40.7,,
ESTAT:TIPSPD22(1.0),10/09/26 11:00:00,Annual,Percentage of gross domestic product (GDP),Consolidated,Households; non-profit institutions serving households,Liabilities,"Securities other than shares, loans",Finland,2005,44.9,,
ESTAT:TIPSPD22(1.0),10/09/26 11:00:00,Annual,Percentage of gross domestic product (GDP),Consolidated,Households; non-profit institutions serving households,Liabilities,"Securities other than shares, loans",Finland,2006,48.2,,
ESTAT:TIPSPD22(1.0),10/09/26 11:00:00,Annual,Percentage of gross domestic product (GDP),Consolidated,Households; non-profit institutions serving households,Liabilities,"Securities other than shares, loans",Finland,2007,49.3,,
ESTAT:TIPSPD22(1.0),10/09/26 11:00:00,Annual,Percentage of gross domestic product (GDP),Consolidated,Households; non-profit institutions serving households,Liabilities,"Securities other than shares, loans",Finland,2008,51.1,,
ESTAT:TIPSPD22(1.0),10/09/26 11:00:00,Annual,Percentage of gross domestic product (GDP),Consolidated,Households; non-profit institutions serving households,Liabilities,"Securities other than shares, loans",Finland,2009,57.3,,
ESTAT:TIPSPD22(1.0),10/09/26 11:00:00,Annual,Percentage of gross domestic product (GDP),Consolidated,Households; non-profit institutions serving households,Liabilities,"Securities other than shares, loans",Finland,2010,58.9,,
ESTAT:TIPSPD22(1.0),10/09/26 11:00:00,Annual,Percentage of gross domestic product (GDP),Consolidated,Households; non-profit institutions serving households,Liabilities,"Securities other than shares, loans",Finland,2011,59.1,,
ESTAT:TIPSPD22(1.0),10/09/26 11:00:00,Annual,Percentage of gross domestic product (GDP),Consolidated,Households; non-profit institutions serving households,Liabilities,"Securities other than shares, loans",Finland,2012,61.2,,
ESTAT:TIPSPD22(1.0),10/09/26 11:00:00,Annual,Percentage of gross domestic product (GDP),Consolidated,Households; non-profit institutions serving households,Liabilities,"Securities other than shares, loans",Finland,2013,61.8,,
ESTAT:TIPSPD22(1.0),10/09/26 11:00:00,Annual,Percentage of gross domestic product (GDP),Consolidated,Households; non-profit institutions serving households,Liabilities,"Securities other than shares, loans",Finland,2014,62.8,,
ESTAT:TIPSPD22(1.0),10/09/26 11:00:00,Annual,Percentage of gross domestic product (GDP),Consolidated,Households; non-profit institutions serving households,Liabilities,"Securities other than shares, loans",Finland,2015,63.6,,
ESTAT:TIPSPD22(1.0),10/09/26 11:00:00,Annual,Percentage of gross domestic product (GDP),Consolidated,Households; non-profit institutions serving households,Liabilities,"Securities other than shares, loans",Finland,2016,64.6,,
ESTAT:TIPSPD22(1.0),10/09/26 11:00:00,Annual,Percentage of gross domestic product (GDP),Consolidated,Households; non-profit institutions serving households,Liabilities,"Securities other than shares, loans",Finland,2017,64.8,,
ESTAT:TIPSPD22(1.0),10/09/26 11:00:00,Annual,Percentage of gross domestic product (GDP),Consolidated,Households; non-profit institutions serving households,Liabilities,"Securities other than shares, loans",Finland,2018,65.6,,
ESTAT:TIPSPD22(1.0),10/09/26 11:00:00,Annual,Percentage of gross domestic product (GDP),Consolidated,Households; non-profit institutions serving households,Liabilities,"Securities other than shares, loans",Finland,2019,66.2,,
ESTAT:TIPSPD22(1.0),10/09/26 11:00:00,Annual,Percentage of gross domestic product (GDP),Consolidated,Households; non-profit institutions serving households,Liabilities,"Securities other than shares, loans",Finland,2020,69.7,,
ESTAT:TIPSPD22(1.0),10/09/26 11:00:00,Annual,Percentage of gross domestic product (GDP),Consolidated,Households; non-profit institutions serving households,Liabilities,"Securities other than shares, loans",Finland,2021,68.8,,
ESTAT:TIPSPD22(1.0),10/09/26 11:00:00,Annual,Percentage of gross domestic product (GDP),Consolidated,Households; non-profit institutions serving households,Liabilities,"Securities other than shares, loans",Finland,2022,66.6,,
ESTAT:TIPSPD22(1.0),10/09/26 11:00:00,Annual,Percentage of gross domestic product (GDP),Consolidated,Households; non-profit institutions serving households,Liabilities,"Securities other than shares, loans",Finland,2023,64.7,,
ESTAT:TIPSPD22(1.0),10/09/26 11:00:00,Annual,Percentage of gross domestic product (GDP),Consolidated,Households; non-profit institutions serving households,Liabilities,"Securities other than shares, loans",Finland,2024,63.9,,
ESTAT:TIPSPD22(1.0),10/09/26 11:00:00,Annual,Percentage of gross domestic product (GDP),Consolidated,Households; non-profit institutions serving households,Liabilities,"Securities other than shares, loans",Finland,2025,62.9,,
ESTAT:TIPSPD22(1.0),10/09/26 11:00:00,Annual,Percentage of gross domestic product (GDP),Consolidated,Households; non-profit institutions serving households,Liabilities,"Securities other than shares, loans",France,1995,34.2,,
ESTAT:TIPSPD22(1.0),10/09/26 11:00:00,Annual,Percentage of gross domestic product (GDP),Consolidated,Households; non-profit institutions serving households,Liabilities,"Securities other than shares, loans",France,1996,34.3,,
ESTAT:TIPSPD22(1.0),10/09/26 11:00:00,Annual,Percentage of gross domestic product (GDP),Consolidated,Households; non-profit institutions serving households,Liabilities,"Securities other than shares, loans",France,1997,34.5,,
ESTAT:TIPSPD22(1.0),10/09/26 11:00:00,Annual,Percentage of gross domestic product (GDP),Consolidated,Households; non-profit institutions serving households,Liabilities,"Securities other than shares, loans",France,1998,33.8,,
ESTAT:TIPSPD22(1.0),10/09/26 11:00:00,Annual,Percentage of gross domestic product (GDP),Consolidated,Households; non-profit institutions serving households,Liabilities,"Securities other than shares, loans",France,1999,34.7,,
ESTAT:TIPSPD22(1.0),10/09/26 11:00:00,Annual,Percentage of gross domestic product (GDP),Consolidated,Households; non-profit institutions serving households,Liabilities,"Securities other than shares, loans",France,2000,34.9,,
ESTAT:TIPSPD22(1.0),10/09/26 11:00:00,Annual,Percentage of gross domestic product (GDP),Consolidated,Households; non-profit institutions serving households,Liabilities,"Securities other than shares, loans",France,2001,35.3,,
ESTAT:TIPSPD22(1.0),10/09/26 11:00:00,Annual,Percentage of gross domestic product (GDP),Consolidated,Households; non-profit institutions serving households,Liabilities,"Securities other than shares, loans",France,2002,36.2,,
ESTAT:TIPSPD22(1.0),10/09/26 11:00:00,Annual,Percentage of gross domestic product (GDP),Consolidated,Households; non-profit institutions serving households,Liabilities,"Securities other than shares, loans",France,2003,37.6,,
ESTAT:TIPSPD22(1.0),10/09/26 11:00:00,Annual,Percentage of gross domestic product (GDP),Consolidated,Households; non-profit institutions serving households,Liabilities,"Securities other than shares, loans",France,2004,39.3,,
ESTAT:TIPSPD22(1.0),10/09/26 11:00:00,Annual,Percentage of gross domestic product (GDP),Consolidated,Households; non-profit institutions serving households,Liabilities,"Securities other than shares, loans",France,2005,42.1,,
ESTAT:TIPSPD22(1.0),10/09/26 11:00:00,Annual,Percentage of gross domestic product (GDP),Consolidated,Households; non-profit institutions serving households,Liabilities,"Securities other than shares, loans",France,2006,44.7,,
ESTAT:TIPSPD22(1.0),10/09/26 11:00:00,Annual,Percentage of gross domestic product (GDP),Consolidated,Households; non-profit institutions serving households,Liabilities,"Securities other than shares, loans",France,2007,47.2,,
ESTAT:TIPSPD22(1.0),10/09/26 11:00:00,Annual,Percentage of gross domestic product (GDP),Consolidated,Households; non-profit institutions serving households,Liabilities,"Securities other than shares, loans",France,2008,49.3,,
ESTAT:TIPSPD22(1.0),10/09/26 11:00:00,Annual,Percentage of gross domestic product (GDP),Consolidated,Households; non-profit institutions serving households,Liabilities,"Securities other than shares, loans",France,2009,53.2,,
ESTAT:TIPSPD22(1.0),10/09/26 11:00:00,Annual,Percentage of gross domestic product (GDP),Consolidated,Households; non-profit institutions serving households,Liabilities,"Securities other than shares, loans",France,2010,54.2,,
ESTAT:TIPSPD22(1.0),10/09/26 11:00:00,Annual,Percentage of gross domestic product (GDP),Consolidated,Households; non-profit institutions serving households,Liabilities,"Securities other than shares, loans",France,2011,55.3,,
ESTAT:TIPSPD22(1.0),10/09/26 11:00:00,Annual,Percentage of gross domestic product (GDP),Consolidated,Households; non-profit institutions serving households,Liabilities,"Securities other than shares, loans",France,2012,55.8,,
ESTAT:TIPSPD22(1.0),10/09/26 11:00:00,Annual,Percentage of gross domestic product (GDP),Consolidated,Households; non-profit institutions serving households,Liabilities,"Securities other than shares, loans",France,2013,56.0,,
ESTAT:TIPSPD22(1.0),10/09/26 11:00:00,Annual,Percentage of gross domestic product (GDP),Consolidated,Households; non-profit institutions serving households,Liabilities,"Securities other than shares, loans",France,2014,56.5,,
ESTAT:TIPSPD22(1.0),10/09/26 11:00:00,Annual,Percentage of gross domestic product (GDP),Consolidated,Households; non-profit institutions serving households,Liabilities,"Securities other than shares, loans",France,2015,56.9,,
ESTAT:TIPSPD22(1.0),10/09/26 11:00:00,Annual,Percentage of gross domestic product (GDP),Consolidated,Households; non-profit institutions serving households,Liabilities,"Securities other than shares, loans",France,2016,58.1,,
ESTAT:TIPSPD22(1.0),10/09/26 11:00:00,Annual,Percentage of gross domestic product (GDP),Consolidated,Households; non-profit institutions serving households,Liabilities,"Securities other than shares, loans",France,2017,59.4,,
ESTAT:TIPSPD22(1.0),10/09/26 11:00:00,Annual,Percentage of gross domestic product (GDP),Consolidated,Households; non-profit institutions serving households,Liabilities,"Securities other than shares, loans",France,2018,60.9,,
ESTAT:TIPSPD22(1.0),10/09/26 11:00:00,Annual,Percentage of gross domestic product (GDP),Consolidated,Households; non-profit institutions serving households,Liabilities,"Securities other than shares, loans",France,2019,62.3,,
ESTAT:TIPSPD22(1.0),10/09/26 11:00:00,Annual,Percentage of gross domestic product (GDP),Consolidated,Households; non-profit institutions serving households,Liabilities,"Securities other than shares, loans",France,2020,68.2,,
ESTAT:TIPSPD22(1.0),10/09/26 11:00:00,Annual,Percentage of gross domestic product (GDP),Consolidated,Households; non-profit institutions serving households,Liabilities,"Securities other than shares, loans",France,2021,66.4,,
ESTAT:TIPSPD22(1.0),10/09/26 11:00:00,Annual,Percentage of gross domestic product (GDP),Consolidated,Households; non-profit institutions serving households,Liabilities,"Securities other than shares, loans",France,2022,65.9,,
ESTAT:TIPSPD22(1.0),10/09/26 11:00:00,Annual,Percentage of gross domestic product (GDP),Consolidated,Households; non-profit institutions serving households,Liabilities,"Securities other than shares, loans",France,2023,62.4,,
ESTAT:TIPSPD22(1.0),10/09/26 11:00:00,Annual,Percentage of gross domestic product (GDP),Consolidated,Households; non-profit institutions serving households,Liabilities,"Securities other than shares, loans",France,2024,60.2,p,
ESTAT:TIPSPD22(1.0),10/09/26 11:00:00,Annual,Percentage of gross domestic product (GDP),Consolidated,Households; non-profit institutions serving households,Liabilities,"Securities other than shares, loans",France,2025,59.5,p,
ESTAT:TIPSPD22(1.0),10/09/26 11:00:00,Annual,Percentage of gross domestic product (GDP),Consolidated,Households; non-profit institutions serving households,Liabilities,"Securities other than shares, loans",Croatia,1995,4.0,,
ESTAT:TIPSPD22(1.0),10/09/26 11:00:00,Annual,Percentage of gross domestic product (GDP),Consolidated,Households; non-profit institutions serving households,Liabilities,"Securities other than shares, loans",Croatia,1996,5.0,,
ESTAT:TIPSPD22(1.0),10/09/26 11:00:00,Annual,Percentage of gross domestic product (GDP),Consolidated,Households; non-profit institutions serving households,Liabilities,"Securities other than shares, loans",Croatia,1997,8.6,,
ESTAT:TIPSPD22(1.0),10/09/26 11:00:00,Annual,Percentage of gross domestic product (GDP),Consolidated,Households; non-profit institutions serving households,Liabilities,"Securities other than shares, loans",Croatia,1998,11.0,,
ESTAT:TIPSPD22(1.0),10/09/26 11:00:00,Annual,Percentage of gross domestic product (GDP),Consolidated,Households; non-profit institutions serving households,Liabilities,"Securities other than shares, loans",Croatia,1999,11.7,,
ESTAT:TIPSPD22(1.0),10/09/26 11:00:00,Annual,Percentage of gross domestic product (GDP),Consolidated,Households; non-profit institutions serving households,Liabilities,"Securities other than shares, loans",Croatia,2000,13.2,,
ESTAT:TIPSPD22(1.0),10/09/26 11:00:00,Annual,Percentage of gross domestic product (GDP),Consolidated,Households; non-profit institutions serving households,Liabilities,"Securities other than shares, loans",Croatia,2001,16.7,,
ESTAT:TIPSPD22(1.0),10/09/26 11:00:00,Annual,Percentage of gross domestic product (GDP),Consolidated,Households; non-profit institutions serving households,Liabilities,"Securities other than shares, loans",Croatia,2002,21.9,,
ESTAT:TIPSPD22(1.0),10/09/26 11:00:00,Annual,Percentage of gross domestic product (GDP),Consolidated,Households; non-profit institutions serving households,Liabilities,"Securities other than shares, loans",Croatia,2003,25.4,,
ESTAT:TIPSPD22(1.0),10/09/26 11:00:00,Annual,Percentage of gross domestic product (GDP),Consolidated,Households; non-profit institutions serving households,Liabilities,"Securities other than shares, loans",Croatia,2004,27.9,,
ESTAT:TIPSPD22(1.0),10/09/26 11:00:00,Annual,Percentage of gross domestic product (GDP),Consolidated,Households; non-profit institutions serving households,Liabilities,"Securities other than shares, loans",Croatia,2005,31.1,,
ESTAT:TIPSPD22(1.0),10/09/26 11:00:00,Annual,Percentage of gross domestic product (GDP),Consolidated,Households; non-profit institutions serving households,Liabilities,"Securities other than shares, loans",Croatia,2006,34.8,,
ESTAT:TIPSPD22(1.0),10/09/26 11:00:00,Annual,Percentage of gross domestic product (GDP),Consolidated,Households; non-profit institutions serving households,Liabilities,"Securities other than shares, loans",Croatia,2007,37.7,,
ESTAT:TIPSPD22(1.0),10/09/26 11:00:00,Annual,Percentage of gross domestic product (GDP),Consolidated,Households; non-profit institutions serving households,Liabilities,"Securities other than shares, loans",Croatia,2008,39.7,,
ESTAT:TIPSPD22(1.0),10/09/26 11:00:00,Annual,Percentage of gross domestic product (GDP),Consolidated,Households; non-profit institutions serving households,Liabilities,"Securities other than shares, loans",Croatia,2009,40.5,,
ESTAT:TIPSPD22(1.0),10/09/26 11:00:00,Annual,Percentage of gross domestic product (GDP),Consolidated,Households; non-profit institutions serving households,Liabilities,"Securities other than shares, loans",Croatia,2010,42.2,,
ESTAT:TIPSPD22(1.0),10/09/26 11:00:00,Annual,Percentage of gross domestic product (GDP),Consolidated,Households; non-profit institutions serving households,Liabilities,"Securities other than shares, loans",Croatia,2011,41.7,,
ESTAT:TIPSPD22(1.0),10/09/26 11:00:00,Annual,Percentage of gross domestic product (GDP),Consolidated,Households; non-profit institutions serving households,Liabilities,"Securities other than shares, loans",Croatia,2012,41.5,,
ESTAT:TIPSPD22(1.0),10/09/26 11:00:00,Annual,Percentage of gross domestic product (GDP),Consolidated,Households; non-profit institutions serving households,Liabilities,"Securities other than shares, loans",Croatia,2013,40.5,,
ESTAT:TIPSPD22(1.0),10/09/26 11:00:00,Annual,Percentage of gross domestic product (GDP),Consolidated,Households; non-profit institutions serving households,Liabilities,"Securities other than shares, loans",Croatia,2014,40.5,,
ESTAT:TIPSPD22(1.0),10/09/26 11:00:00,Annual,Percentage of gross domestic product (GDP),Consolidated,Households; non-profit institutions serving households,Liabilities,"Securities other than shares, loans",Croatia,2015,38.7,,
ESTAT:TIPSPD22(1.0),10/09/26 11:00:00,Annual,Percentage of gross domestic product (GDP),Consolidated,Households; non-profit institutions serving households,Liabilities,"Securities other than shares, loans",Croatia,2016,35.7,,
ESTAT:TIPSPD22(1.0),10/09/26 11:00:00,Annual,Percentage of gross domestic product (GDP),Consolidated,Households; non-profit institutions serving households,Liabilities,"Securities other than shares, loans",Croatia,2017,34.7,,
ESTAT:TIPSPD22(1.0),10/09/26 11:00:00,Annual,Percentage of gross domestic product (GDP),Consolidated,Households; non-profit institutions serving households,Liabilities,"Securities other than shares, loans",Croatia,2018,34.5,,
ESTAT:TIPSPD22(1.0),10/09/26 11:00:00,Annual,Percentage of gross domestic product (GDP),Consolidated,Households; non-profit institutions serving households,Liabilities,"Securities other than shares, loans",Croatia,2019,35.1,,
ESTAT:TIPSPD22(1.0),10/09/26 11:00:00,Annual,Percentage of gross domestic product (GDP),Consolidated,Households; non-profit institutions serving households,Liabilities,"Securities other than shares, loans",Croatia,2020,38.7,,
ESTAT:TIPSPD22(1.0),10/09/26 11:00:00,Annual,Percentage of gross domestic product (GDP),Consolidated,Households; non-profit institutions serving households,Liabilities,"Securities other than shares, loans",Croatia,2021,35.0,,
ESTAT:TIPSPD22(1.0),10/09/26 11:00:00,Annual,Percentage of gross domestic product (GDP),Consolidated,Households; non-profit institutions serving households,Liabilities,"Securities other than shares, loans",Croatia,2022,31.7,,
ESTAT:TIPSPD22(1.0),10/09/26 11:00:00,Annual,Percentage of gross domestic product (GDP),Consolidated,Households; non-profit institutions serving households,Liabilities,"Securities other than shares, loans",Croatia,2023,29.6,,
ESTAT:TIPSPD22(1.0),10/09/26 11:00:00,Annual,Percentage of gross domestic product (GDP),Consolidated,Households; non-profit institutions serving households,Liabilities,"Securities other than shares, loans",Croatia,2024,30.2,p,
ESTAT:TIPSPD22(1.0),10/09/26 11:00:00,Annual,Percentage of gross domestic product (GDP),Consolidated,Households; non-profit institutions serving households,Liabilities,"Securities other than shares, loans",Croatia,2025,31.3,p,
ESTAT:TIPSPD22(1.0),10/09/26 11:00:00,Annual,Percentage of gross domestic product (GDP),Consolidated,Households; non-profit institutions serving households,Liabilities,"Securities other than shares, loans",Hungary,1995,6.6,,
ESTAT:TIPSPD22(1.0),10/09/26 11:00:00,Annual,Percentage of gross domestic product (GDP),Consolidated,Households; non-profit institutions serving households,Liabilities,"Securities other than shares, loans",Hungary,1996,5.2,,
ESTAT:TIPSPD22(1.0),10/09/26 11:00:00,Annual,Percentage of gross domestic product (GDP),Consolidated,Households; non-profit institutions serving households,Liabilities,"Securities other than shares, loans",Hungary,1997,4.8,,
ESTAT:TIPSPD22(1.0),10/09/26 11:00:00,Annual,Percentage of gross domestic product (GDP),Consolidated,Households; non-profit institutions serving households,Liabilities,"Securities other than shares, loans",Hungary,1998,4.3,,
ESTAT:TIPSPD22(1.0),10/09/26 11:00:00,Annual,Percentage of gross domestic product (GDP),Consolidated,Households; non-profit institutions serving households,Liabilities,"Securities other than shares, loans",Hungary,1999,5.0,,
ESTAT:TIPSPD22(1.0),10/09/26 11:00:00,Annual,Percentage of gross domestic product (GDP),Consolidated,Households; non-profit institutions serving households,Liabilities,"Securities other than shares, loans",Hungary,2000,6.5,,
ESTAT:TIPSPD22(1.0),10/09/26 11:00:00,Annual,Percentage of gross domestic product (GDP),Consolidated,Households; non-profit institutions serving households,Liabilities,"Securities other than shares, loans",Hungary,2001,8.3,,
ESTAT:TIPSPD22(1.0),10/09/26 11:00:00,Annual,Percentage of gross domestic product (GDP),Consolidated,Households; non-profit institutions serving households,Liabilities,"Securities other than shares, loans",Hungary,2002,11.8,,
ESTAT:TIPSPD22(1.0),10/09/26 11:00:00,Annual,Percentage of gross domestic product (GDP),Consolidated,Households; non-profit institutions serving households,Liabilities,"Securities other than shares, loans",Hungary,2003,17.1,,
ESTAT:TIPSPD22(1.0),10/09/26 11:00:00,Annual,Percentage of gross domestic product (GDP),Consolidated,Households; non-profit institutions serving households,Liabilities,"Securities other than shares, loans",Hungary,2004,20.0,,
ESTAT:TIPSPD22(1.0),10/09/26 11:00:00,Annual,Percentage of gross domestic product (GDP),Consolidated,Households; non-profit institutions serving households,Liabilities,"Securities other than shares, loans",Hungary,2005,23.5,,
ESTAT:TIPSPD22(1.0),10/09/26 11:00:00,Annual,Percentage of gross domestic product (GDP),Consolidated,Households; non-profit institutions serving households,Liabilities,"Securities other than shares, loans",Hungary,2006,26.2,,
ESTAT:TIPSPD22(1.0),10/09/26 11:00:00,Annual,Percentage of gross domestic product (GDP),Consolidated,Households; non-profit institutions serving households,Liabilities,"Securities other than shares, loans",Hungary,2007,30.1,,
ESTAT:TIPSPD22(1.0),10/09/26 11:00:00,Annual,Percentage of gross domestic product (GDP),Consolidated,Households; non-profit institutions serving households,Liabilities,"Securities other than shares, loans",Hungary,2008,36.7,,
ESTAT:TIPSPD22(1.0),10/09/26 11:00:00,Annual,Percentage of gross domestic product (GDP),Consolidated,Households; non-profit institutions serving households,Liabilities,"Securities other than shares, loans",Hungary,2009,37.9,,
ESTAT:TIPSPD22(1.0),10/09/26 11:00:00,Annual,Percentage of gross domestic product (GDP),Consolidated,Households; non-profit institutions serving households,Liabilities,"Securities other than shares, loans",Hungary,2010,39.7,,
ESTAT:TIPSPD22(1.0),10/09/26 11:00:00,Annual,Percentage of gross domestic product (GDP),Consolidated,Households; non-profit institutions serving households,Liabilities,"Securities other than shares, loans",Hungary,2011,37.8,,
ESTAT:TIPSPD22(1.0),10/09/26 11:00:00,Annual,Percentage of gross domestic product (GDP),Consolidated,Households; non-profit institutions serving households,Liabilities,"Securities other than shares, loans",Hungary,2012,32.0,,
ESTAT:TIPSPD22(1.0),10/09/26 11:00:00,Annual,Percentage of gross domestic product (GDP),Consolidated,Households; non-profit institutions serving households,Liabilities,"Securities other than shares, loans",Hungary,2013,28.5,,
ESTAT:TIPSPD22(1.0),10/09/26 11:00:00,Annual,Percentage of gross domestic product (GDP),Consolidated,Households; non-profit institutions serving households,Liabilities,"Securities other than shares, loans",Hungary,2014,25.9,,
ESTAT:TIPSPD22(1.0),10/09/26 11:00:00,Annual,Percentage of gross domestic product (GDP),Consolidated,Households; non-profit institutions serving households,Liabilities,"Securities other than shares, loans",Hungary,2015,21.4,,
ESTAT:TIPSPD22(1.0),10/09/26 11:00:00,Annual,Percentage of gross domestic product (GDP),Consolidated,Households; non-profit institutions serving households,Liabilities,"Securities other than shares, loans",Hungary,2016,20.3,,
ESTAT:TIPSPD22(1.0),10/09/26 11:00:00,Annual,Percentage of gross domestic product (GDP),Consolidated,Households; non-profit institutions serving households,Liabilities,"Securities other than shares, loans",Hungary,2017,18.8,,
ESTAT:TIPSPD22(1.0),10/09/26 11:00:00,Annual,Percentage of gross domestic product (GDP),Consolidated,Households; non-profit institutions serving households,Liabilities,"Securities other than shares, loans",Hungary,2018,17.8,,
ESTAT:TIPSPD22(1.0),10/09/26 11:00:00,Annual,Percentage of gross domestic product (GDP),Consolidated,Households; non-profit institutions serving households,Liabilities,"Securities other than shares, loans",Hungary,2019,18.4,,
ESTAT:TIPSPD22(1.0),10/09/26 11:00:00,Annual,Percentage of gross domestic product (GDP),Consolidated,Households; non-profit institutions serving households,Liabilities,"Securities other than shares, loans",Hungary,2020,20.7,,
ESTAT:TIPSPD22(1.0),10/09/26 11:00:00,Annual,Percentage of gross domestic product (GDP),Consolidated,Households; non-profit institutions serving households,Liabilities,"Securities other than shares, loans",Hungary,2021,20.9,,
ESTAT:TIPSPD22(1.0),10/09/26 11:00:00,Annual,Percentage of gross domestic product (GDP),Consolidated,Households; non-profit institutions serving households,Liabilities,"Securities other than shares, loans",Hungary,2022,18.7,,
ESTAT:TIPSPD22(1.0),10/09/26 11:00:00,Annual,Percentage of gross domestic product (GDP),Consolidated,Households; non-profit institutions serving households,Liabilities,"Securities other than shares, loans",Hungary,2023,16.9,,
ESTAT:TIPSPD22(1.0),10/09/26 11:00:00,Annual,Percentage of gross domestic product (GDP),Consolidated,Households; non-profit institutions serving households,Liabilities,"Securities other than shares, loans",Hungary,2024,17.2,,
ESTAT:TIPSPD22(1.0),10/09/26 11:00:00,Annual,Percentage of gross domestic product (GDP),Consolidated,Households; non-profit institutions serving households,Liabilities,"Securities other than shares, loans",Hungary,2025,18.3,p,
ESTAT:TIPSPD22(1.0),10/09/26 11:00:00,Annual,Percentage of gross domestic product (GDP),Consolidated,Households; non-profit institutions serving households,Liabilities,"Securities other than shares, loans",Ireland,1995,29.8,e,
ESTAT:TIPSPD22(1.0),10/09/26 11:00:00,Annual,Percentage of gross domestic product (GDP),Consolidated,Households; non-profit institutions serving households,Liabilities,"Securities other than shares, loans",Ireland,1996,33.4,e,
ESTAT:TIPSPD22(1.0),10/09/26 11:00:00,Annual,Percentage of gross domestic product (GDP),Consolidated,Households; non-profit institutions serving households,Liabilities,"Securities other than shares, loans",Ireland,1997,35.0,e,
ESTAT:TIPSPD22(1.0),10/09/26 11:00:00,Annual,Percentage of gross domestic product (GDP),Consolidated,Households; non-profit institutions serving households,Liabilities,"Securities other than shares, loans",Ireland,1998,36.0,e,
ESTAT:TIPSPD22(1.0),10/09/26 11:00:00,Annual,Percentage of gross domestic product (GDP),Consolidated,Households; non-profit institutions serving households,Liabilities,"Securities other than shares, loans",Ireland,1999,39.3,e,
ESTAT:TIPSPD22(1.0),10/09/26 11:00:00,Annual,Percentage of gross domestic product (GDP),Consolidated,Households; non-profit institutions serving households,Liabilities,"Securities other than shares, loans",Ireland,2000,40.1,e,
ESTAT:TIPSPD22(1.0),10/09/26 11:00:00,Annual,Percentage of gross domestic product (GDP),Consolidated,Households; non-profit institutions serving households,Liabilities,"Securities other than shares, loans",Ireland,2001,48.0,,
ESTAT:TIPSPD22(1.0),10/09/26 11:00:00,Annual,Percentage of gross domestic product (GDP),Consolidated,Households; non-profit institutions serving households,Liabilities,"Securities other than shares, loans",Ireland,2002,52.9,,
ESTAT:TIPSPD22(1.0),10/09/26 11:00:00,Annual,Percentage of gross domestic product (GDP),Consolidated,Households; non-profit institutions serving households,Liabilities,"Securities other than shares, loans",Ireland,2003,60.6,,
ESTAT:TIPSPD22(1.0),10/09/26 11:00:00,Annual,Percentage of gross domestic product (GDP),Consolidated,Households; non-profit institutions serving households,Liabilities,"Securities other than shares, loans",Ireland,2004,70.1,,
ESTAT:TIPSPD22(1.0),10/09/26 11:00:00,Annual,Percentage of gross domestic product (GDP),Consolidated,Households; non-profit institutions serving households,Liabilities,"Securities other than shares, loans",Ireland,2005,82.5,,
ESTAT:TIPSPD22(1.0),10/09/26 11:00:00,Annual,Percentage of gross domestic product (GDP),Consolidated,Households; non-profit institutions serving households,Liabilities,"Securities other than shares, loans",Ireland,2006,91.5,,
ESTAT:TIPSPD22(1.0),10/09/26 11:00:00,Annual,Percentage of gross domestic product (GDP),Consolidated,Households; non-profit institutions serving households,Liabilities,"Securities other than shares, loans",Ireland,2007,98.6,,
ESTAT:TIPSPD22(1.0),10/09/26 11:00:00,Annual,Percentage of gross domestic product (GDP),Consolidated,Households; non-profit institutions serving households,Liabilities,"Securities other than shares, loans",Ireland,2008,108.2,,
ESTAT:TIPSPD22(1.0),10/09/26 11:00:00,Annual,Percentage of gross domestic product (GDP),Consolidated,Households; non-profit institutions serving households,Liabilities,"Securities other than shares, loans",Ireland,2009,116.6,,
ESTAT:TIPSPD22(1.0),10/09/26 11:00:00,Annual,Percentage of gross domestic product (GDP),Consolidated,Households; non-profit institutions serving households,Liabilities,"Securities other than shares, loans",Ireland,2010,110.5,,
ESTAT:TIPSPD22(1.0),10/09/26 11:00:00,Annual,Percentage of gross domestic product (GDP),Consolidated,Households; non-profit institutions serving households,Liabilities,"Securities other than shares, loans",Ireland,2011,103.3,,
ESTAT:TIPSPD22(1.0),10/09/26 11:00:00,Annual,Percentage of gross domestic product (GDP),Consolidated,Households; non-profit institutions serving households,Liabilities,"Securities other than shares, loans",Ireland,2012,97.0,,
ESTAT:TIPSPD22(1.0),10/09/26 11:00:00,Annual,Percentage of gross domestic product (GDP),Consolidated,Households; non-profit institutions serving households,Liabilities,"Securities other than shares, loans",Ireland,2013,97.7,,
ESTAT:TIPSPD22(1.0),10/09/26 11:00:00,Annual,Percentage of gross domestic product (GDP),Consolidated,Households; non-profit institutions serving households,Liabilities,"Securities other than shares, loans",Ireland,2014,82.6,,
ESTAT:TIPSPD22(1.0),10/09/26 11:00:00,Annual,Percentage of gross domestic product (GDP),Consolidated,Households; non-profit institutions serving households,Liabilities,"Securities other than shares, loans",Ireland,2015,56.8,,
ESTAT:TIPSPD22(1.0),10/09/26 11:00:00,Annual,Percentage of gross domestic product (GDP),Consolidated,Households; non-profit institutions serving households,Liabilities,"Securities other than shares, loans",Ireland,2016,52.3,,
ESTAT:TIPSPD22(1.0),10/09/26 11:00:00,Annual,Percentage of gross domestic product (GDP),Consolidated,Households; non-profit institutions serving households,Liabilities,"Securities other than shares, loans",Ireland,2017,52.4,,
ESTAT:TIPSPD22(1.0),10/09/26 11:00:00,Annual,Percentage of gross domestic product (GDP),Consolidated,Households; non-profit institutions serving households,Liabilities,"Securities other than shares, loans",Ireland,2018,46.7,,
ESTAT:TIPSPD22(1.0),10/09/26 11:00:00,Annual,Percentage of gross domestic product (GDP),Consolidated,Households; non-profit institutions serving households,Liabilities,"Securities other than shares, loans",Ireland,2019,35.0,,
ESTAT:TIPSPD22(1.0),10/09/26 11:00:00,Annual,Percentage of gross domestic product (GDP),Consolidated,Households; non-profit institutions serving households,Liabilities,"Securities other than shares, loans",Ireland,2020,33.0,,
ESTAT:TIPSPD22(1.0),10/09/26 11:00:00,Annual,Percentage of gross domestic product (GDP),Consolidated,Households; non-profit institutions serving households,Liabilities,"Securities other than shares, loans",Ireland,2021,28.2,,
ESTAT:TIPSPD22(1.0),10/09/26 11:00:00,Annual,Percentage of gross domestic product (GDP),Consolidated,Households; non-profit institutions serving households,Liabilities,"Securities other than shares, loans",Ireland,2022,26.7,,
ESTAT:TIPSPD22(1.0),10/09/26 11:00:00,Annual,Percentage of gross domestic product (GDP),Consolidated,Households; non-profit institutions serving households,Liabilities,"Securities other than shares, loans",Ireland,2023,25.6,,
ESTAT:TIPSPD22(1.0),10/09/26 11:00:00,Annual,Percentage of gross domestic product (GDP),Consolidated,Households; non-profit institutions serving households,Liabilities,"Securities other than shares, loans",Ireland,2024,23.8,,
ESTAT:TIPSPD22(1.0),10/09/26 11:00:00,Annual,Percentage of gross domestic product (GDP),Consolidated,Households; non-profit institutions serving households,Liabilities,"Securities other than shares, loans",Ireland,2025,23.9,,
ESTAT:TIPSPD22(1.0),10/09/26 11:00:00,Annual,Percentage of gross domestic product (GDP),Consolidated,Households; non-profit institutions serving households,Liabilities,"Securities other than shares, loans",Italy,1995,17.4,,
ESTAT:TIPSPD22(1.0),10/09/26 11:00:00,Annual,Percentage of gross domestic product (GDP),Consolidated,Households; non-profit institutions serving households,Liabilities,"Securities other than shares, loans",Italy,1996,17.5,,
ESTAT:TIPSPD22(1.0),10/09/26 11:00:00,Annual,Percentage of gross domestic product (GDP),Consolidated,Households; non-profit institutions serving households,Liabilities,"Securities other than shares, loans",Italy,1997,17.8,,
ESTAT:TIPSPD22(1.0),10/09/26 11:00:00,Annual,Percentage of gross domestic product (GDP),Consolidated,Households; non-profit institutions serving households,Liabilities,"Securities other than shares, loans",Italy,1998,18.6,,
ESTAT:TIPSPD22(1.0),10/09/26 11:00:00,Annual,Percentage of gross domestic product (GDP),Consolidated,Households; non-profit institutions serving households,Liabilities,"Securities other than shares, loans",Italy,1999,21.0,,
ESTAT:TIPSPD22(1.0),10/09/26 11:00:00,Annual,Percentage of gross domestic product (GDP),Consolidated,Households; non-profit institutions serving households,Liabilities,"Securities other than shares, loans",Italy,2000,22.6,,
ESTAT:TIPSPD22(1.0),10/09/26 11:00:00,Annual,Percentage of gross domestic product (GDP),Consolidated,Households; non-profit institutions serving households,Liabilities,"Securities other than shares, loans",Italy,2001,23.9,,
ESTAT:TIPSPD22(1.0),10/09/26 11:00:00,Annual,Percentage of gross domestic product (GDP),Consolidated,Households; non-profit institutions serving households,Liabilities,"Securities other than shares, loans",Italy,2002,25.6,,
ESTAT:TIPSPD22(1.0),10/09/26 11:00:00,Annual,Percentage of gross domestic product (GDP),Consolidated,Households; non-profit institutions serving households,Liabilities,"Securities other than shares, loans",Italy,2003,27.3,,
ESTAT:TIPSPD22(1.0),10/09/26 11:00:00,Annual,Percentage of gross domestic product (GDP),Consolidated,Households; non-profit institutions serving households,Liabilities,"Securities other than shares, loans",Italy,2004,29.7,,
ESTAT:TIPSPD22(1.0),10/09/26 11:00:00,Annual,Percentage of gross domestic product (GDP),Consolidated,Households; non-profit institutions serving households,Liabilities,"Securities other than shares, loans",Italy,2005,32.8,,
ESTAT:TIPSPD22(1.0),10/09/26 11:00:00,Annual,Percentage of gross domestic product (GDP),Consolidated,Households; non-profit institutions serving households,Liabilities,"Securities other than shares, loans",Italy,2006,35.5,,
ESTAT:TIPSPD22(1.0),10/09/26 11:00:00,Annual,Percentage of gross domestic product (GDP),Consolidated,Households; non-profit institutions serving households,Liabilities,"Securities other than shares, loans",Italy,2007,37.9,,
ESTAT:TIPSPD22(1.0),10/09/26 11:00:00,Annual,Percentage of gross domestic product (GDP),Consolidated,Households; non-profit institutions serving households,Liabilities,"Securities other than shares, loans",Italy,2008,38.8,,
ESTAT:TIPSPD22(1.0),10/09/26 11:00:00,Annual,Percentage of gross domestic product (GDP),Consolidated,Households; non-profit institutions serving households,Liabilities,"Securities other than shares, loans",Italy,2009,42.2,,
ESTAT:TIPSPD22(1.0),10/09/26 11:00:00,Annual,Percentage of gross domestic product (GDP),Consolidated,Households; non-profit institutions serving households,Liabilities,"Securities other than shares, loans",Italy,2010,43.3,,
ESTAT:TIPSPD22(1.0),10/09/26 11:00:00,Annual,Percentage of gross domestic product (GDP),Consolidated,Households; non-profit institutions serving households,Liabilities,"Securities other than shares, loans",Italy,2011,43.3,,
ESTAT:TIPSPD22(1.0),10/09/26 11:00:00,Annual,Percentage of gross domestic product (GDP),Consolidated,Households; non-profit institutions serving households,Liabilities,"Securities other than shares, loans",Italy,2012,43.5,,
ESTAT:TIPSPD22(1.0),10/09/26 11:00:00,Annual,Percentage of gross domestic product (GDP),Consolidated,Households; non-profit institutions serving households,Liabilities,"Securities other than shares, loans",Italy,2013,43.0,,
ESTAT:TIPSPD22(1.0),10/09/26 11:00:00,Annual,Percentage of gross domestic product (GDP),Consolidated,Households; non-profit institutions serving households,Liabilities,"Securities other than shares, loans",Italy,2014,42.3,,
ESTAT:TIPSPD22(1.0),10/09/26 11:00:00,Annual,Percentage of gross domestic product (GDP),Consolidated,Households; non-profit institutions serving households,Liabilities,"Securities other than shares, loans",Italy,2015,41.6,,
ESTAT:TIPSPD22(1.0),10/09/26 11:00:00,Annual,Percentage of gross domestic product (GDP),Consolidated,Households; non-profit institutions serving households,Liabilities,"Securities other than shares, loans",Italy,2016,41.1,,
ESTAT:TIPSPD22(1.0),10/09/26 11:00:00,Annual,Percentage of gross domestic product (GDP),Consolidated,Households; non-profit institutions serving households,Liabilities,"Securities other than shares, loans",Italy,2017,40.8,,
ESTAT:TIPSPD22(1.0),10/09/26 11:00:00,Annual,Percentage of gross domestic product (GDP),Consolidated,Households; non-profit institutions serving households,Liabilities,"Securities other than shares, loans",Italy,2018,40.8,,
ESTAT:TIPSPD22(1.0),10/09/26 11:00:00,Annual,Percentage of gross domestic product (GDP),Consolidated,Households; non-profit institutions serving households,Liabilities,"Securities other than shares, loans",Italy,2019,41.1,,
ESTAT:TIPSPD22(1.0),10/09/26 11:00:00,Annual,Percentage of gross domestic product (GDP),Consolidated,Households; non-profit institutions serving households,Liabilities,"Securities other than shares, loans",Italy,2020,44.8,,
ESTAT:TIPSPD22(1.0),10/09/26 11:00:00,Annual,Percentage of gross domestic product (GDP),Consolidated,Households; non-profit institutions serving households,Liabilities,"Securities other than shares, loans",Italy,2021,42.1,,
ESTAT:TIPSPD22(1.0),10/09/26 11:00:00,Annual,Percentage of gross domestic product (GDP),Consolidated,Households; non-profit institutions serving households,Liabilities,"Securities other than shares, loans",Italy,2022,40.0,,
ESTAT:TIPSPD22(1.0),10/09/26 11:00:00,Annual,Percentage of gross domestic product (GDP),Consolidated,Households; non-profit institutions serving households,Liabilities,"Securities other than shares, loans",Italy,2023,36.9,,
ESTAT:TIPSPD22(1.0),10/09/26 11:00:00,Annual,Percentage of gross domestic product (GDP),Consolidated,Households; non-profit institutions serving households,Liabilities,"Securities other than shares, loans",Italy,2024,36.0,,
ESTAT:TIPSPD22(1.0),10/09/26 11:00:00,Annual,Percentage of gross domestic product (GDP),Consolidated,Households; non-profit institutions serving households,Liabilities,"Securities other than shares, loans",Italy,2025,35.9,,
ESTAT:TIPSPD22(1.0),10/09/26 11:00:00,Annual,Percentage of gross domestic product (GDP),Consolidated,Households; non-profit institutions serving households,Liabilities,"Securities other than shares, loans",Lithuania,1995,1.6,,
ESTAT:TIPSPD22(1.0),10/09/26 11:00:00,Annual,Percentage of gross domestic product (GDP),Consolidated,Households; non-profit institutions serving households,Liabilities,"Securities other than shares, loans",Lithuania,1996,1.3,,
ESTAT:TIPSPD22(1.0),10/09/26 11:00:00,Annual,Percentage of gross domestic product (GDP),Consolidated,Households; non-profit institutions serving households,Liabilities,"Securities other than shares, loans",Lithuania,1997,1.3,,
ESTAT:TIPSPD22(1.0),10/09/26 11:00:00,Annual,Percentage of gross domestic product (GDP),Consolidated,Households; non-profit institutions serving households,Liabilities,"Securities other than shares, loans",Lithuania,1998,1.5,,
ESTAT:TIPSPD22(1.0),10/09/26 11:00:00,Annual,Percentage of gross domestic product (GDP),Consolidated,Households; non-profit institutions serving households,Liabilities,"Securities other than shares, loans",Lithuania,1999,1.8,,
ESTAT:TIPSPD22(1.0),10/09/26 11:00:00,Annual,Percentage of gross domestic product (GDP),Consolidated,Households; non-profit institutions serving households,Liabilities,"Securities other than shares, loans",Lithuania,2000,1.6,,
ESTAT:TIPSPD22(1.0),10/09/26 11:00:00,Annual,Percentage of gross domestic product (GDP),Consolidated,Households; non-profit institutions serving households,Liabilities,"Securities other than shares, loans",Lithuania,2001,1.9,,
ESTAT:TIPSPD22(1.0),10/09/26 11:00:00,Annual,Percentage of gross domestic product (GDP),Consolidated,Households; non-profit institutions serving households,Liabilities,"Securities other than shares, loans",Lithuania,2002,3.1,,
ESTAT:TIPSPD22(1.0),10/09/26 11:00:00,Annual,Percentage of gross domestic product (GDP),Consolidated,Households; non-profit institutions serving households,Liabilities,"Securities other than shares, loans",Lithuania,2003,4.8,,
ESTAT:TIPSPD22(1.0),10/09/26 11:00:00,Annual,Percentage of gross domestic product (GDP),Consolidated,Households; non-profit institutions serving households,Liabilities,"Securities other than shares, loans",Lithuania,2004,9.0,,
ESTAT:TIPSPD22(1.0),10/09/26 11:00:00,Annual,Percentage of gross domestic product (GDP),Consolidated,Households; non-profit institutions serving households,Liabilities,"Securities other than shares, loans",Lithuania,2005,13.8,,
ESTAT:TIPSPD22(1.0),10/09/26 11:00:00,Annual,Percentage of gross domestic product (GDP),Consolidated,Households; non-profit institutions serving households,Liabilities,"Securities other than shares, loans",Lithuania,2006,20.5,,
ESTAT:TIPSPD22(1.0),10/09/26 11:00:00,Annual,Percentage of gross domestic product (GDP),Consolidated,Households; non-profit institutions serving households,Liabilities,"Securities other than shares, loans",Lithuania,2007,26.5,,
ESTAT:TIPSPD22(1.0),10/09/26 11:00:00,Annual,Percentage of gross domestic product (GDP),Consolidated,Households; non-profit institutions serving households,Liabilities,"Securities other than shares, loans",Lithuania,2008,28.4,,
ESTAT:TIPSPD22(1.0),10/09/26 11:00:00,Annual,Percentage of gross domestic product (GDP),Consolidated,Households; non-profit institutions serving households,Liabilities,"Securities other than shares, loans",Lithuania,2009,32.5,,
ESTAT:TIPSPD22(1.0),10/09/26 11:00:00,Annual,Percentage of gross domestic product (GDP),Consolidated,Households; non-profit institutions serving households,Liabilities,"Securities other than shares, loans",Lithuania,2010,30.0,,
ESTAT:TIPSPD22(1.0),10/09/26 11:00:00,Annual,Percentage of gross domestic product (GDP),Consolidated,Households; non-profit institutions serving households,Liabilities,"Securities other than shares, loans",Lithuania,2011,26.0,,
ESTAT:TIPSPD22(1.0),10/09/26 11:00:00,Annual,Percentage of gross domestic product (GDP),Consolidated,Households; non-profit institutions serving households,Liabilities,"Securities other than shares, loans",Lithuania,2012,23.7,,
ESTAT:TIPSPD22(1.0),10/09/26 11:00:00,Annual,Percentage of gross domestic product (GDP),Consolidated,Households; non-profit institutions serving households,Liabilities,"Securities other than shares, loans",Lithuania,2013,22.5,,
ESTAT:TIPSPD22(1.0),10/09/26 11:00:00,Annual,Percentage of gross domestic product (GDP),Consolidated,Households; non-profit institutions serving households,Liabilities,"Securities other than shares, loans",Lithuania,2014,21.6,,
ESTAT:TIPSPD22(1.0),10/09/26 11:00:00,Annual,Percentage of gross domestic product (GDP),Consolidated,Households; non-profit institutions serving households,Liabilities,"Securities other than shares, loans",Lithuania,2015,22.2,,
ESTAT:TIPSPD22(1.0),10/09/26 11:00:00,Annual,Percentage of gross domestic product (GDP),Consolidated,Households; non-profit institutions serving households,Liabilities,"Securities other than shares, loans",Lithuania,2016,22.8,,
ESTAT:TIPSPD22(1.0),10/09/26 11:00:00,Annual,Percentage of gross domestic product (GDP),Consolidated,Households; non-profit institutions serving households,Liabilities,"Securities other than shares, loans",Lithuania,2017,22.4,,
ESTAT:TIPSPD22(1.0),10/09/26 11:00:00,Annual,Percentage of gross domestic product (GDP),Consolidated,Households; non-profit institutions serving households,Liabilities,"Securities other than shares, loans",Lithuania,2018,22.4,,
ESTAT:TIPSPD22(1.0),10/09/26 11:00:00,Annual,Percentage of gross domestic product (GDP),Consolidated,Households; non-profit institutions serving households,Liabilities,"Securities other than shares, loans",Lithuania,2019,22.8,,
ESTAT:TIPSPD22(1.0),10/09/26 11:00:00,Annual,Percentage of gross domestic product (GDP),Consolidated,Households; non-profit institutions serving households,Liabilities,"Securities other than shares, loans",Lithuania,2020,24.0,,
ESTAT:TIPSPD22(1.0),10/09/26 11:00:00,Annual,Percentage of gross domestic product (GDP),Consolidated,Households; non-profit institutions serving households,Liabilities,"Securities other than shares, loans",Lithuania,2021,23.3,,
ESTAT:TIPSPD22(1.0),10/09/26 11:00:00,Annual,Percentage of gross domestic product (GDP),Consolidated,Households; non-profit institutions serving households,Liabilities,"Securities other than shares, loans",Lithuania,2022,21.9,,
ESTAT:TIPSPD22(1.0),10/09/26 11:00:00,Annual,Percentage of gross domestic product (GDP),Consolidated,Households; non-profit institutions serving households,Liabilities,"Securities other than shares, loans",Lithuania,2023,21.1,,
ESTAT:TIPSPD22(1.0),10/09/26 11:00:00,Annual,Percentage of gross domestic product (GDP),Consolidated,Households; non-profit institutions serving households,Liabilities,"Securities other than shares, loans",Lithuania,2024,21.9,,
ESTAT:TIPSPD22(1.0),10/09/26 11:00:00,Annual,Percentage of gross domestic product (GDP),Consolidated,Households; non-profit institutions serving households,Liabilities,"Securities other than shares, loans",Lithuania,2025,23.6,,
ESTAT:TIPSPD22(1.0),10/09/26 11:00:00,Annual,Percentage of gross domestic product (GDP),Consolidated,Households; non-profit institutions serving households,Liabilities,"Securities other than shares, loans",Luxembourg,1995,37.9,,
ESTAT:TIPSPD22(1.0),10/09/26 11:00:00,Annual,Percentage of gross domestic product (GDP),Consolidated,Households; non-profit institutions serving households,Liabilities,"Securities other than shares, loans",Luxembourg,1996,37.0,,
ESTAT:TIPSPD22(1.0),10/09/26 11:00:00,Annual,Percentage of gross domestic product (GDP),Consolidated,Households; non-profit institutions serving households,Liabilities,"Securities other than shares, loans",Luxembourg,1997,37.4,,
ESTAT:TIPSPD22(1.0),10/09/26 11:00:00,Annual,Percentage of gross domestic product (GDP),Consolidated,Households; non-profit institutions serving households,Liabilities,"Securities other than shares, loans",Luxembourg,1998,36.4,,
ESTAT:TIPSPD22(1.0),10/09/26 11:00:00,Annual,Percentage of gross domestic product (GDP),Consolidated,Households; non-profit institutions serving households,Liabilities,"Securities other than shares, loans",Luxembourg,1999,37.7,,
ESTAT:TIPSPD22(1.0),10/09/26 11:00:00,Annual,Percentage of gross domestic product (GDP),Consolidated,Households; non-profit institutions serving households,Liabilities,"Securities other than shares, loans",Luxembourg,2000,38.3,,
ESTAT:TIPSPD22(1.0),10/09/26 11:00:00,Annual,Percentage of gross domestic product (GDP),Consolidated,Households; non-profit institutions serving households,Liabilities,"Securities other than shares, loans",Luxembourg,2001,38.7,,
ESTAT:TIPSPD22(1.0),10/09/26 11:00:00,Annual,Percentage of gross domestic product (GDP),Consolidated,Households; non-profit institutions serving households,Liabilities,"Securities other than shares, loans",Luxembourg,2002,39.3,,
ESTAT:TIPSPD22(1.0),10/09/26 11:00:00,Annual,Percentage of gross domestic product (GDP),Consolidated,Households; non-profit institutions serving households,Liabilities,"Securities other than shares, loans",Luxembourg,2003,42.7,,
ESTAT:TIPSPD22(1.0),10/09/26 11:00:00,Annual,Percentage of gross domestic product (GDP),Consolidated,Households; non-profit institutions serving households,Liabilities,"Securities other than shares, loans",Luxembourg,2004,43.6,,
ESTAT:TIPSPD22(1.0),10/09/26 11:00:00,Annual,Percentage of gross domestic product (GDP),Consolidated,Households; non-profit institutions serving households,Liabilities,"Securities other than shares, loans",Luxembourg,2005,45.4,,
ESTAT:TIPSPD22(1.0),10/09/26 11:00:00,Annual,Percentage of gross domestic product (GDP),Consolidated,Households; non-profit institutions serving households,Liabilities,"Securities other than shares, loans",Luxembourg,2006,45.3,,
ESTAT:TIPSPD22(1.0),10/09/26 11:00:00,Annual,Percentage of gross domestic product (GDP),Consolidated,Households; non-profit institutions serving households,Liabilities,"Securities other than shares, loans",Luxembourg,2007,50.5,,
ESTAT:TIPSPD22(1.0),10/09/26 11:00:00,Annual,Percentage of gross domestic product (GDP),Consolidated,Households; non-profit institutions serving households,Liabilities,"Securities other than shares, loans",Luxembourg,2008,51.3,,
ESTAT:TIPSPD22(1.0),10/09/26 11:00:00,Annual,Percentage of gross domestic product (GDP),Consolidated,Households; non-profit institutions serving households,Liabilities,"Securities other than shares, loans",Luxembourg,2009,55.1,,
ESTAT:TIPSPD22(1.0),10/09/26 11:00:00,Annual,Percentage of gross domestic product (GDP),Consolidated,Households; non-profit institutions serving households,Liabilities,"Securities other than shares, loans",Luxembourg,2010,54.9,,
ESTAT:TIPSPD22(1.0),10/09/26 11:00:00,Annual,Percentage of gross domestic product (GDP),Consolidated,Households; non-profit institutions serving households,Liabilities,"Securities other than shares, loans",Luxembourg,2011,56.2,,
ESTAT:TIPSPD22(1.0),10/09/26 11:00:00,Annual,Percentage of gross domestic product (GDP),Consolidated,Households; non-profit institutions serving households,Liabilities,"Securities other than shares, loans",Luxembourg,2012,57.9,,
ESTAT:TIPSPD22(1.0),10/09/26 11:00:00,Annual,Percentage of gross domestic product (GDP),Consolidated,Households; non-profit institutions serving households,Liabilities,"Securities other than shares, loans",Luxembourg,2013,57.0,,
ESTAT:TIPSPD22(1.0),10/09/26 11:00:00,Annual,Percentage of gross domestic product (GDP),Consolidated,Households; non-profit institutions serving households,Liabilities,"Securities other than shares, loans",Luxembourg,2014,58.5,,
ESTAT:TIPSPD22(1.0),10/09/26 11:00:00,Annual,Percentage of gross domestic product (GDP),Consolidated,Households; non-profit institutions serving households,Liabilities,"Securities other than shares, loans",Luxembourg,2015,59.0,,
ESTAT:TIPSPD22(1.0),10/09/26 11:00:00,Annual,Percentage of gross domestic product (GDP),Consolidated,Households; non-profit institutions serving households,Liabilities,"Securities other than shares, loans",Luxembourg,2016,60.5,,
ESTAT:TIPSPD22(1.0),10/09/26 11:00:00,Annual,Percentage of gross domestic product (GDP),Consolidated,Households; non-profit institutions serving households,Liabilities,"Securities other than shares, loans",Luxembourg,2017,62.5,,
ESTAT:TIPSPD22(1.0),10/09/26 11:00:00,Annual,Percentage of gross domestic product (GDP),Consolidated,Households; non-profit institutions serving households,Liabilities,"Securities other than shares, loans",Luxembourg,2018,65.6,,
ESTAT:TIPSPD22(1.0),10/09/26 11:00:00,Annual,Percentage of gross domestic product (GDP),Consolidated,Households; non-profit institutions serving households,Liabilities,"Securities other than shares, loans",Luxembourg,2019,67.1,,
ESTAT:TIPSPD22(1.0),10/09/26 11:00:00,Annual,Percentage of gross domestic product (GDP),Consolidated,Households; non-profit institutions serving households,Liabilities,"Securities other than shares, loans",Luxembourg,2020,68.8,,
ESTAT:TIPSPD22(1.0),10/09/26 11:00:00,Annual,Percentage of gross domestic product (GDP),Consolidated,Households; non-profit institutions serving households,Liabilities,"Securities other than shares, loans",Luxembourg,2021,65.9,,
ESTAT:TIPSPD22(1.0),10/09/26 11:00:00,Annual,Percentage of gross domestic product (GDP),Consolidated,Households; non-profit institutions serving households,Liabilities,"Securities other than shares, loans",Luxembourg,2022,67.5,,
ESTAT:TIPSPD22(1.0),10/09/26 11:00:00,Annual,Percentage of gross domestic product (GDP),Consolidated,Households; non-profit institutions serving households,Liabilities,"Securities other than shares, loans",Luxembourg,2023,63.2,,
ESTAT:TIPSPD22(1.0),10/09/26 11:00:00,Annual,Percentage of gross domestic product (GDP),Consolidated,Households; non-profit institutions serving households,Liabilities,"Securities other than shares, loans",Luxembourg,2024,61.6,,
ESTAT:TIPSPD22(1.0),10/09/26 11:00:00,Annual,Percentage of gross domestic product (GDP),Consolidated,Households; non-profit institutions serving households,Liabilities,"Securities other than shares, loans",Luxembourg,2025,60.5,p,
ESTAT:TIPSPD22(1.0),10/09/26 11:00:00,Annual,Percentage of gross domestic product (GDP),Consolidated,Households; non-profit institutions serving households,Liabilities,"Securities other than shares, loans",Latvia,1995,1.4,,
ESTAT:TIPSPD22(1.0),10/09/26 11:00:00,Annual,Percentage of gross domestic product (GDP),Consolidated,Households; non-profit institutions serving households,Liabilities,"Securities other than shares, loans",Latvia,1996,1.3,,
ESTAT:TIPSPD22(1.0),10/09/26 11:00:00,Annual,Percentage of gross domestic product (GDP),Consolidated,Households; non-profit institutions serving households,Liabilities,"Securities other than shares, loans",Latvia,1997,1.7,,
ESTAT:TIPSPD22(1.0),10/09/26 11:00:00,Annual,Percentage of gross domestic product (GDP),Consolidated,Households; non-profit institutions serving households,Liabilities,"Securities other than shares, loans",Latvia,1998,2.5,,
ESTAT:TIPSPD22(1.0),10/09/26 11:00:00,Annual,Percentage of gross domestic product (GDP),Consolidated,Households; non-profit institutions serving households,Liabilities,"Securities other than shares, loans",Latvia,1999,3.3,,
ESTAT:TIPSPD22(1.0),10/09/26 11:00:00,Annual,Percentage of gross domestic product (GDP),Consolidated,Households; non-profit institutions serving households,Liabilities,"Securities other than shares, loans",Latvia,2000,5.5,,
ESTAT:TIPSPD22(1.0),10/09/26 11:00:00,Annual,Percentage of gross domestic product (GDP),Consolidated,Households; non-profit institutions serving households,Liabilities,"Securities other than shares, loans",Latvia,2001,6.1,,
ESTAT:TIPSPD22(1.0),10/09/26 11:00:00,Annual,Percentage of gross domestic product (GDP),Consolidated,Households; non-profit institutions serving households,Liabilities,"Securities other than shares, loans",Latvia,2002,9.0,,
ESTAT:TIPSPD22(1.0),10/09/26 11:00:00,Annual,Percentage of gross domestic product (GDP),Consolidated,Households; non-profit institutions serving households,Liabilities,"Securities other than shares, loans",Latvia,2003,21.2,,
ESTAT:TIPSPD22(1.0),10/09/26 11:00:00,Annual,Percentage of gross domestic product (GDP),Consolidated,Households; non-profit institutions serving households,Liabilities,"Securities other than shares, loans",Latvia,2004,18.2,,
ESTAT:TIPSPD22(1.0),10/09/26 11:00:00,Annual,Percentage of gross domestic product (GDP),Consolidated,Households; non-profit institutions serving households,Liabilities,"Securities other than shares, loans",Latvia,2005,28.6,,
ESTAT:TIPSPD22(1.0),10/09/26 11:00:00,Annual,Percentage of gross domestic product (GDP),Consolidated,Households; non-profit institutions serving households,Liabilities,"Securities other than shares, loans",Latvia,2006,41.2,,
ESTAT:TIPSPD22(1.0),10/09/26 11:00:00,Annual,Percentage of gross domestic product (GDP),Consolidated,Households; non-profit institutions serving households,Liabilities,"Securities other than shares, loans",Latvia,2007,44.3,,
ESTAT:TIPSPD22(1.0),10/09/26 11:00:00,Annual,Percentage of gross domestic product (GDP),Consolidated,Households; non-profit institutions serving households,Liabilities,"Securities other than shares, loans",Latvia,2008,43.6,,
ESTAT:TIPSPD22(1.0),10/09/26 11:00:00,Annual,Percentage of gross domestic product (GDP),Consolidated,Households; non-profit institutions serving households,Liabilities,"Securities other than shares, loans",Latvia,2009,50.8,,
ESTAT:TIPSPD22(1.0),10/09/26 11:00:00,Annual,Percentage of gross domestic product (GDP),Consolidated,Households; non-profit institutions serving households,Liabilities,"Securities other than shares, loans",Latvia,2010,48.7,,
ESTAT:TIPSPD22(1.0),10/09/26 11:00:00,Annual,Percentage of gross domestic product (GDP),Consolidated,Households; non-profit institutions serving households,Liabilities,"Securities other than shares, loans",Latvia,2011,41.4,,
ESTAT:TIPSPD22(1.0),10/09/26 11:00:00,Annual,Percentage of gross domestic product (GDP),Consolidated,Households; non-profit institutions serving households,Liabilities,"Securities other than shares, loans",Latvia,2012,34.0,,
ESTAT:TIPSPD22(1.0),10/09/26 11:00:00,Annual,Percentage of gross domestic product (GDP),Consolidated,Households; non-profit institutions serving households,Liabilities,"Securities other than shares, loans",Latvia,2013,30.3,,
ESTAT:TIPSPD22(1.0),10/09/26 11:00:00,Annual,Percentage of gross domestic product (GDP),Consolidated,Households; non-profit institutions serving households,Liabilities,"Securities other than shares, loans",Latvia,2014,27.3,,
ESTAT:TIPSPD22(1.0),10/09/26 11:00:00,Annual,Percentage of gross domestic product (GDP),Consolidated,Households; non-profit institutions serving households,Liabilities,"Securities other than shares, loans",Latvia,2015,27.0,,
ESTAT:TIPSPD22(1.0),10/09/26 11:00:00,Annual,Percentage of gross domestic product (GDP),Consolidated,Households; non-profit institutions serving households,Liabilities,"Securities other than shares, loans",Latvia,2016,24.9,,
ESTAT:TIPSPD22(1.0),10/09/26 11:00:00,Annual,Percentage of gross domestic product (GDP),Consolidated,Households; non-profit institutions serving households,Liabilities,"Securities other than shares, loans",Latvia,2017,23.6,,
ESTAT:TIPSPD22(1.0),10/09/26 11:00:00,Annual,Percentage of gross domestic product (GDP),Consolidated,Households; non-profit institutions serving households,Liabilities,"Securities other than shares, loans",Latvia,2018,21.2,,
ESTAT:TIPSPD22(1.0),10/09/26 11:00:00,Annual,Percentage of gross domestic product (GDP),Consolidated,Households; non-profit institutions serving households,Liabilities,"Securities other than shares, loans",Latvia,2019,20.5,,
ESTAT:TIPSPD22(1.0),10/09/26 11:00:00,Annual,Percentage of gross domestic product (GDP),Consolidated,Households; non-profit institutions serving households,Liabilities,"Securities other than shares, loans",Latvia,2020,20.7,,
ESTAT:TIPSPD22(1.0),10/09/26 11:00:00,Annual,Percentage of gross domestic product (GDP),Consolidated,Households; non-profit institutions serving households,Liabilities,"Securities other than shares, loans",Latvia,2021,20.3,,
ESTAT:TIPSPD22(1.0),10/09/26 11:00:00,Annual,Percentage of gross domestic product (GDP),Consolidated,Households; non-profit institutions serving households,Liabilities,"Securities other than shares, loans",Latvia,2022,19.2,,
ESTAT:TIPSPD22(1.0),10/09/26 11:00:00,Annual,Percentage of gross domestic product (GDP),Consolidated,Households; non-profit institutions serving households,Liabilities,"Securities other than shares, loans",Latvia,2023,18.2,,
ESTAT:TIPSPD22(1.0),10/09/26 11:00:00,Annual,Percentage of gross domestic product (GDP),Consolidated,Households; non-profit institutions serving households,Liabilities,"Securities other than shares, loans",Latvia,2024,19.2,,
ESTAT:TIPSPD22(1.0),10/09/26 11:00:00,Annual,Percentage of gross domestic product (GDP),Consolidated,Households; non-profit institutions serving households,Liabilities,"Securities other than shares, loans",Latvia,2025,19.8,,
ESTAT:TIPSPD22(1.0),10/09/26 11:00:00,Annual,Percentage of gross domestic product (GDP),Consolidated,Households; non-profit institutions serving households,Liabilities,"Securities other than shares, loans",Malta,1995,15.7,,
ESTAT:TIPSPD22(1.0),10/09/26 11:00:00,Annual,Percentage of gross domestic product (GDP),Consolidated,Households; non-profit institutions serving households,Liabilities,"Securities other than shares, loans",Malta,1996,17.9,,
ESTAT:TIPSPD22(1.0),10/09/26 11:00:00,Annual,Percentage of gross domestic product (GDP),Consolidated,Households; non-profit institutions serving households,Liabilities,"Securities other than shares, loans",Malta,1997,18.5,,
ESTAT:TIPSPD22(1.0),10/09/26 11:00:00,Annual,Percentage of gross domestic product (GDP),Consolidated,Households; non-profit institutions serving households,Liabilities,"Securities other than shares, loans",Malta,1998,19.9,,
ESTAT:TIPSPD22(1.0),10/09/26 11:00:00,Annual,Percentage of gross domestic product (GDP),Consolidated,Households; non-profit institutions serving households,Liabilities,"Securities other than shares, loans",Malta,1999,22.1,,
ESTAT:TIPSPD22(1.0),10/09/26 11:00:00,Annual,Percentage of gross domestic product (GDP),Consolidated,Households; non-profit institutions serving households,Liabilities,"Securities other than shares, loans",Malta,2000,23.6,,
ESTAT:TIPSPD22(1.0),10/09/26 11:00:00,Annual,Percentage of gross domestic product (GDP),Consolidated,Households; non-profit institutions serving households,Liabilities,"Securities other than shares, loans",Malta,2001,26.8,,
ESTAT:TIPSPD22(1.0),10/09/26 11:00:00,Annual,Percentage of gross domestic product (GDP),Consolidated,Households; non-profit institutions serving households,Liabilities,"Securities other than shares, loans",Malta,2002,28.8,,
ESTAT:TIPSPD22(1.0),10/09/26 11:00:00,Annual,Percentage of gross domestic product (GDP),Consolidated,Households; non-profit institutions serving households,Liabilities,"Securities other than shares, loans",Malta,2003,37.0,,
ESTAT:TIPSPD22(1.0),10/09/26 11:00:00,Annual,Percentage of gross domestic product (GDP),Consolidated,Households; non-profit institutions serving households,Liabilities,"Securities other than shares, loans",Malta,2004,41.3,,
ESTAT:TIPSPD22(1.0),10/09/26 11:00:00,Annual,Percentage of gross domestic product (GDP),Consolidated,Households; non-profit institutions serving households,Liabilities,"Securities other than shares, loans",Malta,2005,44.6,,
ESTAT:TIPSPD22(1.0),10/09/26 11:00:00,Annual,Percentage of gross domestic product (GDP),Consolidated,Households; non-profit institutions serving households,Liabilities,"Securities other than shares, loans",Malta,2006,49.7,,
ESTAT:TIPSPD22(1.0),10/09/26 11:00:00,Annual,Percentage of gross domestic product (GDP),Consolidated,Households; non-profit institutions serving households,Liabilities,"Securities other than shares, loans",Malta,2007,51.8,,
ESTAT:TIPSPD22(1.0),10/09/26 11:00:00,Annual,Percentage of gross domestic product (GDP),Consolidated,Households; non-profit institutions serving households,Liabilities,"Securities other than shares, loans",Malta,2008,53.4,,
ESTAT:TIPSPD22(1.0),10/09/26 11:00:00,Annual,Percentage of gross domestic product (GDP),Consolidated,Households; non-profit institutions serving households,Liabilities,"Securities other than shares, loans",Malta,2009,58.8,,
ESTAT:TIPSPD22(1.0),10/09/26 11:00:00,Annual,Percentage of gross domestic product (GDP),Consolidated,Households; non-profit institutions serving households,Liabilities,"Securities other than shares, loans",Malta,2010,57.0,,
ESTAT:TIPSPD22(1.0),10/09/26 11:00:00,Annual,Percentage of gross domestic product (GDP),Consolidated,Households; non-profit institutions serving households,Liabilities,"Securities other than shares, loans",Malta,2011,58.4,,
ESTAT:TIPSPD22(1.0),10/09/26 11:00:00,Annual,Percentage of gross domestic product (GDP),Consolidated,Households; non-profit institutions serving households,Liabilities,"Securities other than shares, loans",Malta,2012,58.1,,
ESTAT:TIPSPD22(1.0),10/09/26 11:00:00,Annual,Percentage of gross domestic product (GDP),Consolidated,Households; non-profit institutions serving households,Liabilities,"Securities other than shares, loans",Malta,2013,55.8,,
ESTAT:TIPSPD22(1.0),10/09/26 11:00:00,Annual,Percentage of gross domestic product (GDP),Consolidated,Households; non-profit institutions serving households,Liabilities,"Securities other than shares, loans",Malta,2014,53.6,,
ESTAT:TIPSPD22(1.0),10/09/26 11:00:00,Annual,Percentage of gross domestic product (GDP),Consolidated,Households; non-profit institutions serving households,Liabilities,"Securities other than shares, loans",Malta,2015,49.6,,
ESTAT:TIPSPD22(1.0),10/09/26 11:00:00,Annual,Percentage of gross domestic product (GDP),Consolidated,Households; non-profit institutions serving households,Liabilities,"Securities other than shares, loans",Malta,2016,49.1,,
ESTAT:TIPSPD22(1.0),10/09/26 11:00:00,Annual,Percentage of gross domestic product (GDP),Consolidated,Households; non-profit institutions serving households,Liabilities,"Securities other than shares, loans",Malta,2017,50.8,,
ESTAT:TIPSPD22(1.0),10/09/26 11:00:00,Annual,Percentage of gross domestic product (GDP),Consolidated,Households; non-profit institutions serving households,Liabilities,"Securities other than shares, loans",Malta,2018,51.1,,
ESTAT:TIPSPD22(1.0),10/09/26 11:00:00,Annual,Percentage of gross domestic product (GDP),Consolidated,Households; non-profit institutions serving households,Liabilities,"Securities other than shares, loans",Malta,2019,54.2,,
ESTAT:TIPSPD22(1.0),10/09/26 11:00:00,Annual,Percentage of gross domestic product (GDP),Consolidated,Households; non-profit institutions serving households,Liabilities,"Securities other than shares, loans",Malta,2020,58.1,,
ESTAT:TIPSPD22(1.0),10/09/26 11:00:00,Annual,Percentage of gross domestic product (GDP),Consolidated,Households; non-profit institutions serving households,Liabilities,"Securities other than shares, loans",Malta,2021,53.4,,
ESTAT:TIPSPD22(1.0),10/09/26 11:00:00,Annual,Percentage of gross domestic product (GDP),Consolidated,Households; non-profit institutions serving households,Liabilities,"Securities other than shares, loans",Malta,2022,53.2,,
ESTAT:TIPSPD22(1.0),10/09/26 11:00:00,Annual,Percentage of gross domestic product (GDP),Consolidated,Households; non-profit institutions serving households,Liabilities,"Securities other than shares, loans",Malta,2023,48.1,,
ESTAT:TIPSPD22(1.0),10/09/26 11:00:00,Annual,Percentage of gross domestic product (GDP),Consolidated,Households; non-profit institutions serving households,Liabilities,"Securities other than shares, loans",Malta,2024,46.7,,
ESTAT:TIPSPD22(1.0),10/09/26 11:00:00,Annual,Percentage of gross domestic product (GDP),Consolidated,Households; non-profit institutions serving households,Liabilities,"Securities other than shares, loans",Malta,2025,48.5,,
ESTAT:TIPSPD22(1.0),10/09/26 11:00:00,Annual,Percentage of gross domestic product (GDP),Consolidated,Households; non-profit institutions serving households,Liabilities,"Securities other than shares, loans",Netherlands,1995,65.4,,
ESTAT:TIPSPD22(1.0),10/09/26 11:00:00,Annual,Percentage of gross domestic product (GDP),Consolidated,Households; non-profit institutions serving households,Liabilities,"Securities other than shares, loans",Netherlands,1996,69.6,,
ESTAT:TIPSPD22(1.0),10/09/26 11:00:00,Annual,Percentage of gross domestic product (GDP),Consolidated,Households; non-profit institutions serving households,Liabilities,"Securities other than shares, loans",Netherlands,1997,74.0,,
ESTAT:TIPSPD22(1.0),10/09/26 11:00:00,Annual,Percentage of gross domestic product (GDP),Consolidated,Households; non-profit institutions serving households,Liabilities,"Securities other than shares, loans",Netherlands,1998,79.8,,
ESTAT:TIPSPD22(1.0),10/09/26 11:00:00,Annual,Percentage of gross domestic product (GDP),Consolidated,Households; non-profit institutions serving households,Liabilities,"Securities other than shares, loans",Netherlands,1999,85.3,,
ESTAT:TIPSPD22(1.0),10/09/26 11:00:00,Annual,Percentage of gross domestic product (GDP),Consolidated,Households; non-profit institutions serving households,Liabilities,"Securities other than shares, loans",Netherlands,2000,88.2,,
ESTAT:TIPSPD22(1.0),10/09/26 11:00:00,Annual,Percentage of gross domestic product (GDP),Consolidated,Households; non-profit institutions serving households,Liabilities,"Securities other than shares, loans",Netherlands,2001,89.5,,
ESTAT:TIPSPD22(1.0),10/09/26 11:00:00,Annual,Percentage of gross domestic product (GDP),Consolidated,Households; non-profit institutions serving households,Liabilities,"Securities other than shares, loans",Netherlands,2002,94.1,,
ESTAT:TIPSPD22(1.0),10/09/26 11:00:00,Annual,Percentage of gross domestic product (GDP),Consolidated,Households; non-profit institutions serving households,Liabilities,"Securities other than shares, loans",Netherlands,2003,101.0,,
ESTAT:TIPSPD22(1.0),10/09/26 11:00:00,Annual,Percentage of gross domestic product (GDP),Consolidated,Households; non-profit institutions serving households,Liabilities,"Securities other than shares, loans",Netherlands,2004,104.6,,
ESTAT:TIPSPD22(1.0),10/09/26 11:00:00,Annual,Percentage of gross domestic product (GDP),Consolidated,Households; non-profit institutions serving households,Liabilities,"Securities other than shares, loans",Netherlands,2005,107.9,,
ESTAT:TIPSPD22(1.0),10/09/26 11:00:00,Annual,Percentage of gross domestic product (GDP),Consolidated,Households; non-profit institutions serving households,Liabilities,"Securities other than shares, loans",Netherlands,2006,109.6,,
ESTAT:TIPSPD22(1.0),10/09/26 11:00:00,Annual,Percentage of gross domestic product (GDP),Consolidated,Households; non-profit institutions serving households,Liabilities,"Securities other than shares, loans",Netherlands,2007,109.9,,
ESTAT:TIPSPD22(1.0),10/09/26 11:00:00,Annual,Percentage of gross domestic product (GDP),Consolidated,Households; non-profit institutions serving households,Liabilities,"Securities other than shares, loans",Netherlands,2008,110.7,,
ESTAT:TIPSPD22(1.0),10/09/26 11:00:00,Annual,Percentage of gross domestic product (GDP),Consolidated,Households; non-profit institutions serving households,Liabilities,"Securities other than shares, loans",Netherlands,2009,123.8,,
ESTAT:TIPSPD22(1.0),10/09/26 11:00:00,Annual,Percentage of gross domestic product (GDP),Consolidated,Households; non-profit institutions serving households,Liabilities,"Securities other than shares, loans",Netherlands,2010,124.8,,
ESTAT:TIPSPD22(1.0),10/09/26 11:00:00,Annual,Percentage of gross domestic product (GDP),Consolidated,Households; non-profit institutions serving households,Liabilities,"Securities other than shares, loans",Netherlands,2011,124.0,,
ESTAT:TIPSPD22(1.0),10/09/26 11:00:00,Annual,Percentage of gross domestic product (GDP),Consolidated,Households; non-profit institutions serving households,Liabilities,"Securities other than shares, loans",Netherlands,2012,124.4,,
ESTAT:TIPSPD22(1.0),10/09/26 11:00:00,Annual,Percentage of gross domestic product (GDP),Consolidated,Households; non-profit institutions serving households,Liabilities,"Securities other than shares, loans",Netherlands,2013,121.6,,
ESTAT:TIPSPD22(1.0),10/09/26 11:00:00,Annual,Percentage of gross domestic product (GDP),Consolidated,Households; non-profit institutions serving households,Liabilities,"Securities other than shares, loans",Netherlands,2014,119.6,,
ESTAT:TIPSPD22(1.0),10/09/26 11:00:00,Annual,Percentage of gross domestic product (GDP),Consolidated,Households; non-profit institutions serving households,Liabilities,"Securities other than shares, loans",Netherlands,2015,118.0,,
ESTAT:TIPSPD22(1.0),10/09/26 11:00:00,Annual,Percentage of gross domestic product (GDP),Consolidated,Households; non-profit institutions serving households,Liabilities,"Securities other than shares, loans",Netherlands,2016,116.8,,
ESTAT:TIPSPD22(1.0),10/09/26 11:00:00,Annual,Percentage of gross domestic product (GDP),Consolidated,Households; non-profit institutions serving households,Liabilities,"Securities other than shares, loans",Netherlands,2017,114.6,,
ESTAT:TIPSPD22(1.0),10/09/26 11:00:00,Annual,Percentage of gross domestic product (GDP),Consolidated,Households; non-profit institutions serving households,Liabilities,"Securities other than shares, loans",Netherlands,2018,111.9,,
ESTAT:TIPSPD22(1.0),10/09/26 11:00:00,Annual,Percentage of gross domestic product (GDP),Consolidated,Households; non-profit institutions serving households,Liabilities,"Securities other than shares, loans",Netherlands,2019,108.6,,
ESTAT:TIPSPD22(1.0),10/09/26 11:00:00,Annual,Percentage of gross domestic product (GDP),Consolidated,Households; non-profit institutions serving households,Liabilities,"Securities other than shares, loans",Netherlands,2020,113.7,,
ESTAT:TIPSPD22(1.0),10/09/26 11:00:00,Annual,Percentage of gross domestic product (GDP),Consolidated,Households; non-profit institutions serving households,Liabilities,"Securities other than shares, loans",Netherlands,2021,108.0,,
ESTAT:TIPSPD22(1.0),10/09/26 11:00:00,Annual,Percentage of gross domestic product (GDP),Consolidated,Households; non-profit institutions serving households,Liabilities,"Securities other than shares, loans",Netherlands,2022,100.6,,
ESTAT:TIPSPD22(1.0),10/09/26 11:00:00,Annual,Percentage of gross domestic product (GDP),Consolidated,Households; non-profit institutions serving households,Liabilities,"Securities other than shares, loans",Netherlands,2023,95.8,,
ESTAT:TIPSPD22(1.0),10/09/26 11:00:00,Annual,Percentage of gross domestic product (GDP),Consolidated,Households; non-profit institutions serving households,Liabilities,"Securities other than shares, loans",Netherlands,2024,93.8,,
ESTAT:TIPSPD22(1.0),10/09/26 11:00:00,Annual,Percentage of gross domestic product (GDP),Consolidated,Households; non-profit institutions serving households,Liabilities,"Securities other than shares, loans",Netherlands,2025,93.5,p,
ESTAT:TIPSPD22(1.0),10/09/26 11:00:00,Annual,Percentage of gross domestic product (GDP),Consolidated,Households; non-profit institutions serving households,Liabilities,"Securities other than shares, loans",Poland,1995,2.2,,
ESTAT:TIPSPD22(1.0),10/09/26 11:00:00,Annual,Percentage of gross domestic product (GDP),Consolidated,Households; non-profit institutions serving households,Liabilities,"Securities other than shares, loans",Poland,1996,3.6,,
ESTAT:TIPSPD22(1.0),10/09/26 11:00:00,Annual,Percentage of gross domestic product (GDP),Consolidated,Households; non-profit institutions serving households,Liabilities,"Securities other than shares, loans",Poland,1997,4.5,,
ESTAT:TIPSPD22(1.0),10/09/26 11:00:00,Annual,Percentage of gross domestic product (GDP),Consolidated,Households; non-profit institutions serving households,Liabilities,"Securities other than shares, loans",Poland,1998,6.3,,
ESTAT:TIPSPD22(1.0),10/09/26 11:00:00,Annual,Percentage of gross domestic product (GDP),Consolidated,Households; non-profit institutions serving households,Liabilities,"Securities other than shares, loans",Poland,1999,6.2,,
ESTAT:TIPSPD22(1.0),10/09/26 11:00:00,Annual,Percentage of gross domestic product (GDP),Consolidated,Households; non-profit institutions serving households,Liabilities,"Securities other than shares, loans",Poland,2000,7.1,,
ESTAT:TIPSPD22(1.0),10/09/26 11:00:00,Annual,Percentage of gross domestic product (GDP),Consolidated,Households; non-profit institutions serving households,Liabilities,"Securities other than shares, loans",Poland,2001,8.5,,
ESTAT:TIPSPD22(1.0),10/09/26 11:00:00,Annual,Percentage of gross domestic product (GDP),Consolidated,Households; non-profit institutions serving households,Liabilities,"Securities other than shares, loans",Poland,2002,12.5,,
ESTAT:TIPSPD22(1.0),10/09/26 11:00:00,Annual,Percentage of gross domestic product (GDP),Consolidated,Households; non-profit institutions serving households,Liabilities,"Securities other than shares, loans",Poland,2003,12.9,,
ESTAT:TIPSPD22(1.0),10/09/26 11:00:00,Annual,Percentage of gross domestic product (GDP),Consolidated,Households; non-profit institutions serving households,Liabilities,"Securities other than shares, loans",Poland,2004,13.2,,
ESTAT:TIPSPD22(1.0),10/09/26 11:00:00,Annual,Percentage of gross domestic product (GDP),Consolidated,Households; non-profit institutions serving households,Liabilities,"Securities other than shares, loans",Poland,2005,15.0,,
ESTAT:TIPSPD22(1.0),10/09/26 11:00:00,Annual,Percentage of gross domestic product (GDP),Consolidated,Households; non-profit institutions serving households,Liabilities,"Securities other than shares, loans",Poland,2006,18.3,,
ESTAT:TIPSPD22(1.0),10/09/26 11:00:00,Annual,Percentage of gross domestic product (GDP),Consolidated,Households; non-profit institutions serving households,Liabilities,"Securities other than shares, loans",Poland,2007,22.6,,
ESTAT:TIPSPD22(1.0),10/09/26 11:00:00,Annual,Percentage of gross domestic product (GDP),Consolidated,Households; non-profit institutions serving households,Liabilities,"Securities other than shares, loans",Poland,2008,29.9,,
ESTAT:TIPSPD22(1.0),10/09/26 11:00:00,Annual,Percentage of gross domestic product (GDP),Consolidated,Households; non-profit institutions serving households,Liabilities,"Securities other than shares, loans",Poland,2009,31.5,,
ESTAT:TIPSPD22(1.0),10/09/26 11:00:00,Annual,Percentage of gross domestic product (GDP),Consolidated,Households; non-profit institutions serving households,Liabilities,"Securities other than shares, loans",Poland,2010,34.3,,
ESTAT:TIPSPD22(1.0),10/09/26 11:00:00,Annual,Percentage of gross domestic product (GDP),Consolidated,Households; non-profit institutions serving households,Liabilities,"Securities other than shares, loans",Poland,2011,35.2,,
ESTAT:TIPSPD22(1.0),10/09/26 11:00:00,Annual,Percentage of gross domestic product (GDP),Consolidated,Households; non-profit institutions serving households,Liabilities,"Securities other than shares, loans",Poland,2012,34.2,,
ESTAT:TIPSPD22(1.0),10/09/26 11:00:00,Annual,Percentage of gross domestic product (GDP),Consolidated,Households; non-profit institutions serving households,Liabilities,"Securities other than shares, loans",Poland,2013,35.5,,
ESTAT:TIPSPD22(1.0),10/09/26 11:00:00,Annual,Percentage of gross domestic product (GDP),Consolidated,Households; non-profit institutions serving households,Liabilities,"Securities other than shares, loans",Poland,2014,35.8,,
ESTAT:TIPSPD22(1.0),10/09/26 11:00:00,Annual,Percentage of gross domestic product (GDP),Consolidated,Households; non-profit institutions serving households,Liabilities,"Securities other than shares, loans",Poland,2015,35.8,,
ESTAT:TIPSPD22(1.0),10/09/26 11:00:00,Annual,Percentage of gross domestic product (GDP),Consolidated,Households; non-profit institutions serving households,Liabilities,"Securities other than shares, loans",Poland,2016,36.5,,
ESTAT:TIPSPD22(1.0),10/09/26 11:00:00,Annual,Percentage of gross domestic product (GDP),Consolidated,Households; non-profit institutions serving households,Liabilities,"Securities other than shares, loans",Poland,2017,34.8,,
ESTAT:TIPSPD22(1.0),10/09/26 11:00:00,Annual,Percentage of gross domestic product (GDP),Consolidated,Households; non-profit institutions serving households,Liabilities,"Securities other than shares, loans",Poland,2018,34.6,,
ESTAT:TIPSPD22(1.0),10/09/26 11:00:00,Annual,Percentage of gross domestic product (GDP),Consolidated,Households; non-profit institutions serving households,Liabilities,"Securities other than shares, loans",Poland,2019,34.0,,
ESTAT:TIPSPD22(1.0),10/09/26 11:00:00,Annual,Percentage of gross domestic product (GDP),Consolidated,Households; non-profit institutions serving households,Liabilities,"Securities other than shares, loans",Poland,2020,34.3,,
ESTAT:TIPSPD22(1.0),10/09/26 11:00:00,Annual,Percentage of gross domestic product (GDP),Consolidated,Households; non-profit institutions serving households,Liabilities,"Securities other than shares, loans",Poland,2021,31.9,,
ESTAT:TIPSPD22(1.0),10/09/26 11:00:00,Annual,Percentage of gross domestic product (GDP),Consolidated,Households; non-profit institutions serving households,Liabilities,"Securities other than shares, loans",Poland,2022,26.2,,
ESTAT:TIPSPD22(1.0),10/09/26 11:00:00,Annual,Percentage of gross domestic product (GDP),Consolidated,Households; non-profit institutions serving households,Liabilities,"Securities other than shares, loans",Poland,2023,23.6,,
ESTAT:TIPSPD22(1.0),10/09/26 11:00:00,Annual,Percentage of gross domestic product (GDP),Consolidated,Households; non-profit institutions serving households,Liabilities,"Securities other than shares, loans",Poland,2024,22.6,,
ESTAT:TIPSPD22(1.0),10/09/26 11:00:00,Annual,Percentage of gross domestic product (GDP),Consolidated,Households; non-profit institutions serving households,Liabilities,"Securities other than shares, loans",Poland,2025,22.0,,
ESTAT:TIPSPD22(1.0),10/09/26 11:00:00,Annual,Percentage of gross domestic product (GDP),Consolidated,Households; non-profit institutions serving households,Liabilities,"Securities other than shares, loans",Portugal,1995,28.4,,
ESTAT:TIPSPD22(1.0),10/09/26 11:00:00,Annual,Percentage of gross domestic product (GDP),Consolidated,Households; non-profit institutions serving households,Liabilities,"Securities other than shares, loans",Portugal,1996,32.8,,
ESTAT:TIPSPD22(1.0),10/09/26 11:00:00,Annual,Percentage of gross domestic product (GDP),Consolidated,Households; non-profit institutions serving households,Liabilities,"Securities other than shares, loans",Portugal,1997,37.3,,
ESTAT:TIPSPD22(1.0),10/09/26 11:00:00,Annual,Percentage of gross domestic product (GDP),Consolidated,Households; non-profit institutions serving households,Liabilities,"Securities other than shares, loans",Portugal,1998,44.0,,
ESTAT:TIPSPD22(1.0),10/09/26 11:00:00,Annual,Percentage of gross domestic product (GDP),Consolidated,Households; non-profit institutions serving households,Liabilities,"Securities other than shares, loans",Portugal,1999,52.7,,
ESTAT:TIPSPD22(1.0),10/09/26 11:00:00,Annual,Percentage of gross domestic product (GDP),Consolidated,Households; non-profit institutions serving households,Liabilities,"Securities other than shares, loans",Portugal,2000,58.8,,
ESTAT:TIPSPD22(1.0),10/09/26 11:00:00,Annual,Percentage of gross domestic product (GDP),Consolidated,Households; non-profit institutions serving households,Liabilities,"Securities other than shares, loans",Portugal,2001,63.4,,
ESTAT:TIPSPD22(1.0),10/09/26 11:00:00,Annual,Percentage of gross domestic product (GDP),Consolidated,Households; non-profit institutions serving households,Liabilities,"Securities other than shares, loans",Portugal,2002,67.4,,
ESTAT:TIPSPD22(1.0),10/09/26 11:00:00,Annual,Percentage of gross domestic product (GDP),Consolidated,Households; non-profit institutions serving households,Liabilities,"Securities other than shares, loans",Portugal,2003,71.4,,
ESTAT:TIPSPD22(1.0),10/09/26 11:00:00,Annual,Percentage of gross domestic product (GDP),Consolidated,Households; non-profit institutions serving households,Liabilities,"Securities other than shares, loans",Portugal,2004,75.7,,
ESTAT:TIPSPD22(1.0),10/09/26 11:00:00,Annual,Percentage of gross domestic product (GDP),Consolidated,Households; non-profit institutions serving households,Liabilities,"Securities other than shares, loans",Portugal,2005,79.8,,
ESTAT:TIPSPD22(1.0),10/09/26 11:00:00,Annual,Percentage of gross domestic product (GDP),Consolidated,Households; non-profit institutions serving households,Liabilities,"Securities other than shares, loans",Portugal,2006,83.8,,
ESTAT:TIPSPD22(1.0),10/09/26 11:00:00,Annual,Percentage of gross domestic product (GDP),Consolidated,Households; non-profit institutions serving households,Liabilities,"Securities other than shares, loans",Portugal,2007,86.8,,
ESTAT:TIPSPD22(1.0),10/09/26 11:00:00,Annual,Percentage of gross domestic product (GDP),Consolidated,Households; non-profit institutions serving households,Liabilities,"Securities other than shares, loans",Portugal,2008,88.9,,
ESTAT:TIPSPD22(1.0),10/09/26 11:00:00,Annual,Percentage of gross domestic product (GDP),Consolidated,Households; non-profit institutions serving households,Liabilities,"Securities other than shares, loans",Portugal,2009,92.2,,
ESTAT:TIPSPD22(1.0),10/09/26 11:00:00,Annual,Percentage of gross domestic product (GDP),Consolidated,Households; non-profit institutions serving households,Liabilities,"Securities other than shares, loans",Portugal,2010,91.1,,
ESTAT:TIPSPD22(1.0),10/09/26 11:00:00,Annual,Percentage of gross domestic product (GDP),Consolidated,Households; non-profit institutions serving households,Liabilities,"Securities other than shares, loans",Portugal,2011,90.6,,
ESTAT:TIPSPD22(1.0),10/09/26 11:00:00,Annual,Percentage of gross domestic product (GDP),Consolidated,Households; non-profit institutions serving households,Liabilities,"Securities other than shares, loans",Portugal,2012,90.2,,
ESTAT:TIPSPD22(1.0),10/09/26 11:00:00,Annual,Percentage of gross domestic product (GDP),Consolidated,Households; non-profit institutions serving households,Liabilities,"Securities other than shares, loans",Portugal,2013,85.5,,
ESTAT:TIPSPD22(1.0),10/09/26 11:00:00,Annual,Percentage of gross domestic product (GDP),Consolidated,Households; non-profit institutions serving households,Liabilities,"Securities other than shares, loans",Portugal,2014,80.9,,
ESTAT:TIPSPD22(1.0),10/09/26 11:00:00,Annual,Percentage of gross domestic product (GDP),Consolidated,Households; non-profit institutions serving households,Liabilities,"Securities other than shares, loans",Portugal,2015,76.0,,
ESTAT:TIPSPD22(1.0),10/09/26 11:00:00,Annual,Percentage of gross domestic product (GDP),Consolidated,Households; non-profit institutions serving households,Liabilities,"Securities other than shares, loans",Portugal,2016,71.6,,
ESTAT:TIPSPD22(1.0),10/09/26 11:00:00,Annual,Percentage of gross domestic product (GDP),Consolidated,Households; non-profit institutions serving households,Liabilities,"Securities other than shares, loans",Portugal,2017,68.4,,
ESTAT:TIPSPD22(1.0),10/09/26 11:00:00,Annual,Percentage of gross domestic product (GDP),Consolidated,Households; non-profit institutions serving households,Liabilities,"Securities other than shares, loans",Portugal,2018,65.4,,
ESTAT:TIPSPD22(1.0),10/09/26 11:00:00,Annual,Percentage of gross domestic product (GDP),Consolidated,Households; non-profit institutions serving households,Liabilities,"Securities other than shares, loans",Portugal,2019,62.9,,
ESTAT:TIPSPD22(1.0),10/09/26 11:00:00,Annual,Percentage of gross domestic product (GDP),Consolidated,Households; non-profit institutions serving households,Liabilities,"Securities other than shares, loans",Portugal,2020,68.3,,
ESTAT:TIPSPD22(1.0),10/09/26 11:00:00,Annual,Percentage of gross domestic product (GDP),Consolidated,Households; non-profit institutions serving households,Liabilities,"Securities other than shares, loans",Portugal,2021,66.0,,
ESTAT:TIPSPD22(1.0),10/09/26 11:00:00,Annual,Percentage of gross domestic product (GDP),Consolidated,Households; non-profit institutions serving households,Liabilities,"Securities other than shares, loans",Portugal,2022,60.3,,
ESTAT:TIPSPD22(1.0),10/09/26 11:00:00,Annual,Percentage of gross domestic product (GDP),Consolidated,Households; non-profit institutions serving households,Liabilities,"Securities other than shares, loans",Portugal,2023,54.1,,
ESTAT:TIPSPD22(1.0),10/09/26 11:00:00,Annual,Percentage of gross domestic product (GDP),Consolidated,Households; non-profit institutions serving households,Liabilities,"Securities other than shares, loans",Portugal,2024,52.6,p,
ESTAT:TIPSPD22(1.0),10/09/26 11:00:00,Annual,Percentage of gross domestic product (GDP),Consolidated,Households; non-profit institutions serving households,Liabilities,"Securities other than shares, loans",Portugal,2025,53.9,p,
ESTAT:TIPSPD22(1.0),10/09/26 11:00:00,Annual,Percentage of gross domestic product (GDP),Consolidated,Households; non-profit institutions serving households,Liabilities,"Securities other than shares, loans",Romania,1995,2.2,,
ESTAT:TIPSPD22(1.0),10/09/26 11:00:00,Annual,Percentage of gross domestic product (GDP),Consolidated,Households; non-profit institutions serving households,Liabilities,"Securities other than shares, loans",Romania,1996,2.1,,
ESTAT:TIPSPD22(1.0),10/09/26 11:00:00,Annual,Percentage of gross domestic product (GDP),Consolidated,Households; non-profit institutions serving households,Liabilities,"Securities other than shares, loans",Romania,1997,1.2,,
ESTAT:TIPSPD22(1.0),10/09/26 11:00:00,Annual,Percentage of gross domestic product (GDP),Consolidated,Households; non-profit institutions serving households,Liabilities,"Securities other than shares, loans",Romania,1998,1.3,,
ESTAT:TIPSPD22(1.0),10/09/26 11:00:00,Annual,Percentage of gross domestic product (GDP),Consolidated,Households; non-profit institutions serving households,Liabilities,"Securities other than shares, loans",Romania,1999,0.8,,
ESTAT:TIPSPD22(1.0),10/09/26 11:00:00,Annual,Percentage of gross domestic product (GDP),Consolidated,Households; non-profit institutions serving households,Liabilities,"Securities other than shares, loans",Romania,2000,1.0,,
ESTAT:TIPSPD22(1.0),10/09/26 11:00:00,Annual,Percentage of gross domestic product (GDP),Consolidated,Households; non-profit institutions serving households,Liabilities,"Securities other than shares, loans",Romania,2001,0.9,,
ESTAT:TIPSPD22(1.0),10/09/26 11:00:00,Annual,Percentage of gross domestic product (GDP),Consolidated,Households; non-profit institutions serving households,Liabilities,"Securities other than shares, loans",Romania,2002,2.3,,
ESTAT:TIPSPD22(1.0),10/09/26 11:00:00,Annual,Percentage of gross domestic product (GDP),Consolidated,Households; non-profit institutions serving households,Liabilities,"Securities other than shares, loans",Romania,2003,5.2,,
ESTAT:TIPSPD22(1.0),10/09/26 11:00:00,Annual,Percentage of gross domestic product (GDP),Consolidated,Households; non-profit institutions serving households,Liabilities,"Securities other than shares, loans",Romania,2004,6.4,,
ESTAT:TIPSPD22(1.0),10/09/26 11:00:00,Annual,Percentage of gross domestic product (GDP),Consolidated,Households; non-profit institutions serving households,Liabilities,"Securities other than shares, loans",Romania,2005,9.9,,
ESTAT:TIPSPD22(1.0),10/09/26 11:00:00,Annual,Percentage of gross domestic product (GDP),Consolidated,Households; non-profit institutions serving households,Liabilities,"Securities other than shares, loans",Romania,2006,13.4,,
ESTAT:TIPSPD22(1.0),10/09/26 11:00:00,Annual,Percentage of gross domestic product (GDP),Consolidated,Households; non-profit institutions serving households,Liabilities,"Securities other than shares, loans",Romania,2007,18.2,,
ESTAT:TIPSPD22(1.0),10/09/26 11:00:00,Annual,Percentage of gross domestic product (GDP),Consolidated,Households; non-profit institutions serving households,Liabilities,"Securities other than shares, loans",Romania,2008,20.4,,
ESTAT:TIPSPD22(1.0),10/09/26 11:00:00,Annual,Percentage of gross domestic product (GDP),Consolidated,Households; non-profit institutions serving households,Liabilities,"Securities other than shares, loans",Romania,2009,21.4,,
ESTAT:TIPSPD22(1.0),10/09/26 11:00:00,Annual,Percentage of gross domestic product (GDP),Consolidated,Households; non-profit institutions serving households,Liabilities,"Securities other than shares, loans",Romania,2010,22.2,,
ESTAT:TIPSPD22(1.0),10/09/26 11:00:00,Annual,Percentage of gross domestic product (GDP),Consolidated,Households; non-profit institutions serving households,Liabilities,"Securities other than shares, loans",Romania,2011,20.7,,
ESTAT:TIPSPD22(1.0),10/09/26 11:00:00,Annual,Percentage of gross domestic product (GDP),Consolidated,Households; non-profit institutions serving households,Liabilities,"Securities other than shares, loans",Romania,2012,19.7,,
ESTAT:TIPSPD22(1.0),10/09/26 11:00:00,Annual,Percentage of gross domestic product (GDP),Consolidated,Households; non-profit institutions serving households,Liabilities,"Securities other than shares, loans",Romania,2013,19.3,,
ESTAT:TIPSPD22(1.0),10/09/26 11:00:00,Annual,Percentage of gross domestic product (GDP),Consolidated,Households; non-profit institutions serving households,Liabilities,"Securities other than shares, loans",Romania,2014,18.0,,
ESTAT:TIPSPD22(1.0),10/09/26 11:00:00,Annual,Percentage of gross domestic product (GDP),Consolidated,Households; non-profit institutions serving households,Liabilities,"Securities other than shares, loans",Romania,2015,17.4,,
ESTAT:TIPSPD22(1.0),10/09/26 11:00:00,Annual,Percentage of gross domestic product (GDP),Consolidated,Households; non-profit institutions serving households,Liabilities,"Securities other than shares, loans",Romania,2016,17.0,,
ESTAT:TIPSPD22(1.0),10/09/26 11:00:00,Annual,Percentage of gross domestic product (GDP),Consolidated,Households; non-profit institutions serving households,Liabilities,"Securities other than shares, loans",Romania,2017,16.3,,
ESTAT:TIPSPD22(1.0),10/09/26 11:00:00,Annual,Percentage of gross domestic product (GDP),Consolidated,Households; non-profit institutions serving households,Liabilities,"Securities other than shares, loans",Romania,2018,15.7,,
ESTAT:TIPSPD22(1.0),10/09/26 11:00:00,Annual,Percentage of gross domestic product (GDP),Consolidated,Households; non-profit institutions serving households,Liabilities,"Securities other than shares, loans",Romania,2019,15.4,,
ESTAT:TIPSPD22(1.0),10/09/26 11:00:00,Annual,Percentage of gross domestic product (GDP),Consolidated,Households; non-profit institutions serving households,Liabilities,"Securities other than shares, loans",Romania,2020,16.1,,
ESTAT:TIPSPD22(1.0),10/09/26 11:00:00,Annual,Percentage of gross domestic product (GDP),Consolidated,Households; non-profit institutions serving households,Liabilities,"Securities other than shares, loans",Romania,2021,15.8,,
ESTAT:TIPSPD22(1.0),10/09/26 11:00:00,Annual,Percentage of gross domestic product (GDP),Consolidated,Households; non-profit institutions serving households,Liabilities,"Securities other than shares, loans",Romania,2022,14.1,,
ESTAT:TIPSPD22(1.0),10/09/26 11:00:00,Annual,Percentage of gross domestic product (GDP),Consolidated,Households; non-profit institutions serving households,Liabilities,"Securities other than shares, loans",Romania,2023,12.7,,
ESTAT:TIPSPD22(1.0),10/09/26 11:00:00,Annual,Percentage of gross domestic product (GDP),Consolidated,Households; non-profit institutions serving households,Liabilities,"Securities other than shares, loans",Romania,2024,12.5,p,
ESTAT:TIPSPD22(1.0),10/09/26 11:00:00,Annual,Percentage of gross domestic product (GDP),Consolidated,Households; non-profit institutions serving households,Liabilities,"Securities other than shares, loans",Romania,2025,12.3,p,
ESTAT:TIPSPD22(1.0),10/09/26 11:00:00,Annual,Percentage of gross domestic product (GDP),Consolidated,Households; non-profit institutions serving households,Liabilities,"Securities other than shares, loans",Sweden,1995,43.6,,
ESTAT:TIPSPD22(1.0),10/09/26 11:00:00,Annual,Percentage of gross domestic product (GDP),Consolidated,Households; non-profit institutions serving households,Liabilities,"Securities other than shares, loans",Sweden,1996,43.5,,
ESTAT:TIPSPD22(1.0),10/09/26 11:00:00,Annual,Percentage of gross domestic product (GDP),Consolidated,Households; non-profit institutions serving households,Liabilities,"Securities other than shares, loans",Sweden,1997,44.0,,
ESTAT:TIPSPD22(1.0),10/09/26 11:00:00,Annual,Percentage of gross domestic product (GDP),Consolidated,Households; non-profit institutions serving households,Liabilities,"Securities other than shares, loans",Sweden,1998,44.4,,
ESTAT:TIPSPD22(1.0),10/09/26 11:00:00,Annual,Percentage of gross domestic product (GDP),Consolidated,Households; non-profit institutions serving households,Liabilities,"Securities other than shares, loans",Sweden,1999,45.8,,
ESTAT:TIPSPD22(1.0),10/09/26 11:00:00,Annual,Percentage of gross domestic product (GDP),Consolidated,Households; non-profit institutions serving households,Liabilities,"Securities other than shares, loans",Sweden,2000,47.2,,
ESTAT:TIPSPD22(1.0),10/09/26 11:00:00,Annual,Percentage of gross domestic product (GDP),Consolidated,Households; non-profit institutions serving households,Liabilities,"Securities other than shares, loans",Sweden,2001,49.3,,
ESTAT:TIPSPD22(1.0),10/09/26 11:00:00,Annual,Percentage of gross domestic product (GDP),Consolidated,Households; non-profit institutions serving households,Liabilities,"Securities other than shares, loans",Sweden,2002,51.2,,
ESTAT:TIPSPD22(1.0),10/09/26 11:00:00,Annual,Percentage of gross domestic product (GDP),Consolidated,Households; non-profit institutions serving households,Liabilities,"Securities other than shares, loans",Sweden,2003,53.7,,
ESTAT:TIPSPD22(1.0),10/09/26 11:00:00,Annual,Percentage of gross domestic product (GDP),Consolidated,Households; non-profit institutions serving households,Liabilities,"Securities other than shares, loans",Sweden,2004,56.7,,
ESTAT:TIPSPD22(1.0),10/09/26 11:00:00,Annual,Percentage of gross domestic product (GDP),Consolidated,Households; non-profit institutions serving households,Liabilities,"Securities other than shares, loans",Sweden,2005,60.7,,
ESTAT:TIPSPD22(1.0),10/09/26 11:00:00,Annual,Percentage of gross domestic product (GDP),Consolidated,Households; non-profit institutions serving households,Liabilities,"Securities other than shares, loans",Sweden,2006,63.1,,
ESTAT:TIPSPD22(1.0),10/09/26 11:00:00,Annual,Percentage of gross domestic product (GDP),Consolidated,Households; non-profit institutions serving households,Liabilities,"Securities other than shares, loans",Sweden,2007,65.0,,
ESTAT:TIPSPD22(1.0),10/09/26 11:00:00,Annual,Percentage of gross domestic product (GDP),Consolidated,Households; non-profit institutions serving households,Liabilities,"Securities other than shares, loans",Sweden,2008,68.7,,
ESTAT:TIPSPD22(1.0),10/09/26 11:00:00,Annual,Percentage of gross domestic product (GDP),Consolidated,Households; non-profit institutions serving households,Liabilities,"Securities other than shares, loans",Sweden,2009,76.0,,
ESTAT:TIPSPD22(1.0),10/09/26 11:00:00,Annual,Percentage of gross domestic product (GDP),Consolidated,Households; non-profit institutions serving households,Liabilities,"Securities other than shares, loans",Sweden,2010,76.4,,
ESTAT:TIPSPD22(1.0),10/09/26 11:00:00,Annual,Percentage of gross domestic product (GDP),Consolidated,Households; non-profit institutions serving households,Liabilities,"Securities other than shares, loans",Sweden,2011,77.0,,
ESTAT:TIPSPD22(1.0),10/09/26 11:00:00,Annual,Percentage of gross domestic product (GDP),Consolidated,Households; non-profit institutions serving households,Liabilities,"Securities other than shares, loans",Sweden,2012,79.7,,
ESTAT:TIPSPD22(1.0),10/09/26 11:00:00,Annual,Percentage of gross domestic product (GDP),Consolidated,Households; non-profit institutions serving households,Liabilities,"Securities other than shares, loans",Sweden,2013,81.6,,
ESTAT:TIPSPD22(1.0),10/09/26 11:00:00,Annual,Percentage of gross domestic product (GDP),Consolidated,Households; non-profit institutions serving households,Liabilities,"Securities other than shares, loans",Sweden,2014,82.7,,
ESTAT:TIPSPD22(1.0),10/09/26 11:00:00,Annual,Percentage of gross domestic product (GDP),Consolidated,Households; non-profit institutions serving households,Liabilities,"Securities other than shares, loans",Sweden,2015,83.0,,
ESTAT:TIPSPD22(1.0),10/09/26 11:00:00,Annual,Percentage of gross domestic product (GDP),Consolidated,Households; non-profit institutions serving households,Liabilities,"Securities other than shares, loans",Sweden,2016,86.1,,
ESTAT:TIPSPD22(1.0),10/09/26 11:00:00,Annual,Percentage of gross domestic product (GDP),Consolidated,Households; non-profit institutions serving households,Liabilities,"Securities other than shares, loans",Sweden,2017,88.2,,
ESTAT:TIPSPD22(1.0),10/09/26 11:00:00,Annual,Percentage of gross domestic product (GDP),Consolidated,Households; non-profit institutions serving households,Liabilities,"Securities other than shares, loans",Sweden,2018,89.0,,
ESTAT:TIPSPD22(1.0),10/09/26 11:00:00,Annual,Percentage of gross domestic product (GDP),Consolidated,Households; non-profit institutions serving households,Liabilities,"Securities other than shares, loans",Sweden,2019,89.0,,
ESTAT:TIPSPD22(1.0),10/09/26 11:00:00,Annual,Percentage of gross domestic product (GDP),Consolidated,Households; non-profit institutions serving households,Liabilities,"Securities other than shares, loans",Sweden,2020,94.1,,
ESTAT:TIPSPD22(1.0),10/09/26 11:00:00,Annual,Percentage of gross domestic product (GDP),Consolidated,Households; non-profit institutions serving households,Liabilities,"Securities other than shares, loans",Sweden,2021,93.0,,
ESTAT:TIPSPD22(1.0),10/09/26 11:00:00,Annual,Percentage of gross domestic product (GDP),Consolidated,Households; non-profit institutions serving households,Liabilities,"Securities other than shares, loans",Sweden,2022,89.9,,
ESTAT:TIPSPD22(1.0),10/09/26 11:00:00,Annual,Percentage of gross domestic product (GDP),Consolidated,Households; non-profit institutions serving households,Liabilities,"Securities other than shares, loans",Sweden,2023,85.5,,
ESTAT:TIPSPD22(1.0),10/09/26 11:00:00,Annual,Percentage of gross domestic product (GDP),Consolidated,Households; non-profit institutions serving households,Liabilities,"Securities other than shares, loans",Sweden,2024,82.7,,
ESTAT:TIPSPD22(1.0),10/09/26 11:00:00,Annual,Percentage of gross domestic product (GDP),Consolidated,Households; non-profit institutions serving households,Liabilities,"Securities other than shares, loans",Sweden,2025,82.3,,
ESTAT:TIPSPD22(1.0),10/09/26 11:00:00,Annual,Percentage of gross domestic product (GDP),Consolidated,Households; non-profit institutions serving households,Liabilities,"Securities other than shares, loans",Slovenia,1995,9.7,,
ESTAT:TIPSPD22(1.0),10/09/26 11:00:00,Annual,Percentage of gross domestic product (GDP),Consolidated,Households; non-profit institutions serving households,Liabilities,"Securities other than shares, loans",Slovenia,1996,10.6,,
ESTAT:TIPSPD22(1.0),10/09/26 11:00:00,Annual,Percentage of gross domestic product (GDP),Consolidated,Households; non-profit institutions serving households,Liabilities,"Securities other than shares, loans",Slovenia,1997,11.0,,
ESTAT:TIPSPD22(1.0),10/09/26 11:00:00,Annual,Percentage of gross domestic product (GDP),Consolidated,Households; non-profit institutions serving households,Liabilities,"Securities other than shares, loans",Slovenia,1998,12.2,,
ESTAT:TIPSPD22(1.0),10/09/26 11:00:00,Annual,Percentage of gross domestic product (GDP),Consolidated,Households; non-profit institutions serving households,Liabilities,"Securities other than shares, loans",Slovenia,1999,15.1,,
ESTAT:TIPSPD22(1.0),10/09/26 11:00:00,Annual,Percentage of gross domestic product (GDP),Consolidated,Households; non-profit institutions serving households,Liabilities,"Securities other than shares, loans",Slovenia,2000,15.6,,
ESTAT:TIPSPD22(1.0),10/09/26 11:00:00,Annual,Percentage of gross domestic product (GDP),Consolidated,Households; non-profit institutions serving households,Liabilities,"Securities other than shares, loans",Slovenia,2001,15.5,,
ESTAT:TIPSPD22(1.0),10/09/26 11:00:00,Annual,Percentage of gross domestic product (GDP),Consolidated,Households; non-profit institutions serving households,Liabilities,"Securities other than shares, loans",Slovenia,2002,15.5,,
ESTAT:TIPSPD22(1.0),10/09/26 11:00:00,Annual,Percentage of gross domestic product (GDP),Consolidated,Households; non-profit institutions serving households,Liabilities,"Securities other than shares, loans",Slovenia,2003,15.8,,
ESTAT:TIPSPD22(1.0),10/09/26 11:00:00,Annual,Percentage of gross domestic product (GDP),Consolidated,Households; non-profit institutions serving households,Liabilities,"Securities other than shares, loans",Slovenia,2004,16.4,,
ESTAT:TIPSPD22(1.0),10/09/26 11:00:00,Annual,Percentage of gross domestic product (GDP),Consolidated,Households; non-profit institutions serving households,Liabilities,"Securities other than shares, loans",Slovenia,2005,19.0,,
ESTAT:TIPSPD22(1.0),10/09/26 11:00:00,Annual,Percentage of gross domestic product (GDP),Consolidated,Households; non-profit institutions serving households,Liabilities,"Securities other than shares, loans",Slovenia,2006,21.7,,
ESTAT:TIPSPD22(1.0),10/09/26 11:00:00,Annual,Percentage of gross domestic product (GDP),Consolidated,Households; non-profit institutions serving households,Liabilities,"Securities other than shares, loans",Slovenia,2007,24.7,,
ESTAT:TIPSPD22(1.0),10/09/26 11:00:00,Annual,Percentage of gross domestic product (GDP),Consolidated,Households; non-profit institutions serving households,Liabilities,"Securities other than shares, loans",Slovenia,2008,25.7,,
ESTAT:TIPSPD22(1.0),10/09/26 11:00:00,Annual,Percentage of gross domestic product (GDP),Consolidated,Households; non-profit institutions serving households,Liabilities,"Securities other than shares, loans",Slovenia,2009,28.8,,
ESTAT:TIPSPD22(1.0),10/09/26 11:00:00,Annual,Percentage of gross domestic product (GDP),Consolidated,Households; non-profit institutions serving households,Liabilities,"Securities other than shares, loans",Slovenia,2010,30.5,,
ESTAT:TIPSPD22(1.0),10/09/26 11:00:00,Annual,Percentage of gross domestic product (GDP),Consolidated,Households; non-profit institutions serving households,Liabilities,"Securities other than shares, loans",Slovenia,2011,30.1,,
ESTAT:TIPSPD22(1.0),10/09/26 11:00:00,Annual,Percentage of gross domestic product (GDP),Consolidated,Households; non-profit institutions serving households,Liabilities,"Securities other than shares, loans",Slovenia,2012,31.0,,
ESTAT:TIPSPD22(1.0),10/09/26 11:00:00,Annual,Percentage of gross domestic product (GDP),Consolidated,Households; non-profit institutions serving households,Liabilities,"Securities other than shares, loans",Slovenia,2013,29.9,,
ESTAT:TIPSPD22(1.0),10/09/26 11:00:00,Annual,Percentage of gross domestic product (GDP),Consolidated,Households; non-profit institutions serving households,Liabilities,"Securities other than shares, loans",Slovenia,2014,28.5,,
ESTAT:TIPSPD22(1.0),10/09/26 11:00:00,Annual,Percentage of gross domestic product (GDP),Consolidated,Households; non-profit institutions serving households,Liabilities,"Securities other than shares, loans",Slovenia,2015,27.8,,
ESTAT:TIPSPD22(1.0),10/09/26 11:00:00,Annual,Percentage of gross domestic product (GDP),Consolidated,Households; non-profit institutions serving households,Liabilities,"Securities other than shares, loans",Slovenia,2016,27.5,,
ESTAT:TIPSPD22(1.0),10/09/26 11:00:00,Annual,Percentage of gross domestic product (GDP),Consolidated,Households; non-profit institutions serving households,Liabilities,"Securities other than shares, loans",Slovenia,2017,27.3,,
ESTAT:TIPSPD22(1.0),10/09/26 11:00:00,Annual,Percentage of gross domestic product (GDP),Consolidated,Households; non-profit institutions serving households,Liabilities,"Securities other than shares, loans",Slovenia,2018,27.1,,
ESTAT:TIPSPD22(1.0),10/09/26 11:00:00,Annual,Percentage of gross domestic product (GDP),Consolidated,Households; non-profit institutions serving households,Liabilities,"Securities other than shares, loans",Slovenia,2019,26.9,,
ESTAT:TIPSPD22(1.0),10/09/26 11:00:00,Annual,Percentage of gross domestic product (GDP),Consolidated,Households; non-profit institutions serving households,Liabilities,"Securities other than shares, loans",Slovenia,2020,27.9,,
ESTAT:TIPSPD22(1.0),10/09/26 11:00:00,Annual,Percentage of gross domestic product (GDP),Consolidated,Households; non-profit institutions serving households,Liabilities,"Securities other than shares, loans",Slovenia,2021,26.4,,
ESTAT:TIPSPD22(1.0),10/09/26 11:00:00,Annual,Percentage of gross domestic product (GDP),Consolidated,Households; non-profit institutions serving households,Liabilities,"Securities other than shares, loans",Slovenia,2022,25.9,,
ESTAT:TIPSPD22(1.0),10/09/26 11:00:00,Annual,Percentage of gross domestic product (GDP),Consolidated,Households; non-profit institutions serving households,Liabilities,"Securities other than shares, loans",Slovenia,2023,23.9,,
ESTAT:TIPSPD22(1.0),10/09/26 11:00:00,Annual,Percentage of gross domestic product (GDP),Consolidated,Households; non-profit institutions serving households,Liabilities,"Securities other than shares, loans",Slovenia,2024,24.2,,
ESTAT:TIPSPD22(1.0),10/09/26 11:00:00,Annual,Percentage of gross domestic product (GDP),Consolidated,Households; non-profit institutions serving households,Liabilities,"Securities other than shares, loans",Slovenia,2025,24.8,,
ESTAT:TIPSPD22(1.0),10/09/26 11:00:00,Annual,Percentage of gross domestic product (GDP),Consolidated,Households; non-profit institutions serving households,Liabilities,"Securities other than shares, loans",Slovakia,1995,3.6,,
ESTAT:TIPSPD22(1.0),10/09/26 11:00:00,Annual,Percentage of gross domestic product (GDP),Consolidated,Households; non-profit institutions serving households,Liabilities,"Securities other than shares, loans",Slovakia,1996,3.2,,
ESTAT:TIPSPD22(1.0),10/09/26 11:00:00,Annual,Percentage of gross domestic product (GDP),Consolidated,Households; non-profit institutions serving households,Liabilities,"Securities other than shares, loans",Slovakia,1997,3.6,,
ESTAT:TIPSPD22(1.0),10/09/26 11:00:00,Annual,Percentage of gross domestic product (GDP),Consolidated,Households; non-profit institutions serving households,Liabilities,"Securities other than shares, loans",Slovakia,1998,4.1,,
ESTAT:TIPSPD22(1.0),10/09/26 11:00:00,Annual,Percentage of gross domestic product (GDP),Consolidated,Households; non-profit institutions serving households,Liabilities,"Securities other than shares, loans",Slovakia,1999,3.6,,
ESTAT:TIPSPD22(1.0),10/09/26 11:00:00,Annual,Percentage of gross domestic product (GDP),Consolidated,Households; non-profit institutions serving households,Liabilities,"Securities other than shares, loans",Slovakia,2000,4.2,,
ESTAT:TIPSPD22(1.0),10/09/26 11:00:00,Annual,Percentage of gross domestic product (GDP),Consolidated,Households; non-profit institutions serving households,Liabilities,"Securities other than shares, loans",Slovakia,2001,5.8,,
ESTAT:TIPSPD22(1.0),10/09/26 11:00:00,Annual,Percentage of gross domestic product (GDP),Consolidated,Households; non-profit institutions serving households,Liabilities,"Securities other than shares, loans",Slovakia,2002,5.7,,
ESTAT:TIPSPD22(1.0),10/09/26 11:00:00,Annual,Percentage of gross domestic product (GDP),Consolidated,Households; non-profit institutions serving households,Liabilities,"Securities other than shares, loans",Slovakia,2003,7.1,,
ESTAT:TIPSPD22(1.0),10/09/26 11:00:00,Annual,Percentage of gross domestic product (GDP),Consolidated,Households; non-profit institutions serving households,Liabilities,"Securities other than shares, loans",Slovakia,2004,8.2,,
ESTAT:TIPSPD22(1.0),10/09/26 11:00:00,Annual,Percentage of gross domestic product (GDP),Consolidated,Households; non-profit institutions serving households,Liabilities,"Securities other than shares, loans",Slovakia,2005,12.3,,
ESTAT:TIPSPD22(1.0),10/09/26 11:00:00,Annual,Percentage of gross domestic product (GDP),Consolidated,Households; non-profit institutions serving households,Liabilities,"Securities other than shares, loans",Slovakia,2006,14.0,,
ESTAT:TIPSPD22(1.0),10/09/26 11:00:00,Annual,Percentage of gross domestic product (GDP),Consolidated,Households; non-profit institutions serving households,Liabilities,"Securities other than shares, loans",Slovakia,2007,18.0,,
ESTAT:TIPSPD22(1.0),10/09/26 11:00:00,Annual,Percentage of gross domestic product (GDP),Consolidated,Households; non-profit institutions serving households,Liabilities,"Securities other than shares, loans",Slovakia,2008,20.9,,
ESTAT:TIPSPD22(1.0),10/09/26 11:00:00,Annual,Percentage of gross domestic product (GDP),Consolidated,Households; non-profit institutions serving households,Liabilities,"Securities other than shares, loans",Slovakia,2009,23.7,,
ESTAT:TIPSPD22(1.0),10/09/26 11:00:00,Annual,Percentage of gross domestic product (GDP),Consolidated,Households; non-profit institutions serving households,Liabilities,"Securities other than shares, loans",Slovakia,2010,24.4,,
ESTAT:TIPSPD22(1.0),10/09/26 11:00:00,Annual,Percentage of gross domestic product (GDP),Consolidated,Households; non-profit institutions serving households,Liabilities,"Securities other than shares, loans",Slovakia,2011,26.0,,
ESTAT:TIPSPD22(1.0),10/09/26 11:00:00,Annual,Percentage of gross domestic product (GDP),Consolidated,Households; non-profit institutions serving households,Liabilities,"Securities other than shares, loans",Slovakia,2012,28.0,,
ESTAT:TIPSPD22(1.0),10/09/26 11:00:00,Annual,Percentage of gross domestic product (GDP),Consolidated,Households; non-profit institutions serving households,Liabilities,"Securities other than shares, loans",Slovakia,2013,29.5,,
ESTAT:TIPSPD22(1.0),10/09/26 11:00:00,Annual,Percentage of gross domestic product (GDP),Consolidated,Households; non-profit institutions serving households,Liabilities,"Securities other than shares, loans",Slovakia,2014,32.3,,
ESTAT:TIPSPD22(1.0),10/09/26 11:00:00,Annual,Percentage of gross domestic product (GDP),Consolidated,Households; non-profit institutions serving households,Liabilities,"Securities other than shares, loans",Slovakia,2015,34.2,,
ESTAT:TIPSPD22(1.0),10/09/26 11:00:00,Annual,Percentage of gross domestic product (GDP),Consolidated,Households; non-profit institutions serving households,Liabilities,"Securities other than shares, loans",Slovakia,2016,38.1,,
ESTAT:TIPSPD22(1.0),10/09/26 11:00:00,Annual,Percentage of gross domestic product (GDP),Consolidated,Households; non-profit institutions serving households,Liabilities,"Securities other than shares, loans",Slovakia,2017,40.7,,
ESTAT:TIPSPD22(1.0),10/09/26 11:00:00,Annual,Percentage of gross domestic product (GDP),Consolidated,Households; non-profit institutions serving households,Liabilities,"Securities other than shares, loans",Slovakia,2018,42.2,,
ESTAT:TIPSPD22(1.0),10/09/26 11:00:00,Annual,Percentage of gross domestic product (GDP),Consolidated,Households; non-profit institutions serving households,Liabilities,"Securities other than shares, loans",Slovakia,2019,43.4,,
ESTAT:TIPSPD22(1.0),10/09/26 11:00:00,Annual,Percentage of gross domestic product (GDP),Consolidated,Households; non-profit institutions serving households,Liabilities,"Securities other than shares, loans",Slovakia,2020,46.1,,
ESTAT:TIPSPD22(1.0),10/09/26 11:00:00,Annual,Percentage of gross domestic product (GDP),Consolidated,Households; non-profit institutions serving households,Liabilities,"Securities other than shares, loans",Slovakia,2021,46.3,,
ESTAT:TIPSPD22(1.0),10/09/26 11:00:00,Annual,Percentage of gross domestic product (GDP),Consolidated,Households; non-profit institutions serving households,Liabilities,"Securities other than shares, loans",Slovakia,2022,47.0,,
ESTAT:TIPSPD22(1.0),10/09/26 11:00:00,Annual,Percentage of gross domestic product (GDP),Consolidated,Households; non-profit institutions serving households,Liabilities,"Securities other than shares, loans",Slovakia,2023,43.8,,
ESTAT:TIPSPD22(1.0),10/09/26 11:00:00,Annual,Percentage of gross domestic product (GDP),Consolidated,Households; non-profit institutions serving households,Liabilities,"Securities other than shares, loans",Slovakia,2024,43.3,,
ESTAT:TIPSPD22(1.0),10/09/26 11:00:00,Annual,Percentage of gross domestic product (GDP),Consolidated,Households; non-profit institutions serving households,Liabilities,"Securities other than shares, loans",Slovakia,2025,44.1,,
